id,name,kind,categories,client_scene_factory_supported,description,source_files,confidence
1,秋天的气息,profile-decoration,bg,true,,object/itemCFG.py,confirmed-client-config
2,冬天的风景,profile-decoration,bg,true,,object/itemCFG.py,confirmed-client-config
3,春天的绿叶,profile-decoration,bg,true,,object/itemCFG.py,confirmed-client-config
4,夏天的海边,profile-decoration,bg,true,,object/itemCFG.py,confirmed-client-config
5,婚礼堂殿,profile-decoration,bg,true,,object/itemCFG.py,confirmed-client-config
6,骷颅海岛,profile-decoration,bg,true,,object/itemCFG.py,confirmed-client-config
7,云海风景,profile-decoration,bg,true,,object/itemCFG.py,confirmed-client-config
8,花果山,profile-decoration,bg,true,,object/itemCFG.py,confirmed-client-config
9,未来科技,profile-decoration,bg,false,,object/itemCFG.py,confirmed-client-config
12,灯光四射,profile-decoration,enter,false,,object/itemCFG.py,confirmed-client-config
13,明星登场,profile-decoration,enter,false,,object/itemCFG.py,confirmed-client-config
14,结婚典礼,profile-decoration,enter,false,,object/itemCFG.py,confirmed-client-config
15,海盗进行曲,profile-decoration,enter,false,,object/itemCFG.py,confirmed-client-config
17,拉拉队,profile-decoration,enter,false,,object/itemCFG.py,confirmed-client-config
18,热情彩带,profile-decoration,enter,false,,object/itemCFG.py,confirmed-client-config
19,棉绒帽,avatar-cosmetic,cap,false,,object/itemCFG.py,confirmed-client-config
21,八路军帽,avatar-cosmetic,cap,true,,object/itemCFG.py,confirmed-client-config
22,印第安族长帽,avatar-cosmetic,cap,true,,object/itemCFG.py,confirmed-client-config
23,斗笠,avatar-cosmetic,cap,true,,object/itemCFG.py,confirmed-client-config
25,蝴蝶翅膀,avatar-cosmetic,fpack,true,,object/itemCFG.py,confirmed-client-config
26,恶魔翅膀,avatar-cosmetic,fpack,true,,object/itemCFG.py,confirmed-client-config
27,天使翅膀,avatar-cosmetic,fpack,true,,object/itemCFG.py,confirmed-client-config
29,冒泡泡,profile-decoration,frame,false,,object/itemCFG.py,confirmed-client-config
31,落叶片片,profile-decoration,frame,false,,object/itemCFG.py,confirmed-client-config
32,白云飘飘,profile-decoration,frame,false,,object/itemCFG.py,confirmed-client-config
33,雪花朵朵,profile-decoration,frame,false,,object/itemCFG.py,confirmed-client-config
34,机器世界,profile-decoration,frame,false,,object/itemCFG.py,confirmed-client-config
35,花环帽,avatar-cosmetic,cap,false,,object/itemCFG.py,confirmed-client-config
36,触角帽,avatar-cosmetic,cap,false,,object/itemCFG.py,confirmed-client-config
37,公主帽,avatar-cosmetic,cap,false,,object/itemCFG.py,confirmed-client-config
38,羽毛帽,avatar-cosmetic,cap,false,,object/itemCFG.py,confirmed-client-config
39,杂物帽,avatar-cosmetic,thadorn,false,,object/itemCFG.py,confirmed-client-config
40,阳光帽-男,avatar-cosmetic,cap,false,,object/itemCFG.py,confirmed-client-config
41,阳光帽-女,avatar-cosmetic,cap,true,,object/itemCFG.py,confirmed-client-config
42,爱心,avatar-cosmetic,thadorn,true,,object/itemCFG.py,confirmed-client-config
43,淑女帽,avatar-cosmetic,cap,true,,object/itemCFG.py,confirmed-client-config
44,鸟巢帽,avatar-cosmetic,thadorn,true,,object/itemCFG.py,confirmed-client-config
45,爆炸头,avatar-cosmetic,cap,false,,object/itemCFG.py,confirmed-client-config
46,宝石皇冠,avatar-cosmetic,cap,true,,object/itemCFG.py,confirmed-client-config
47,蝴蝶结,avatar-cosmetic,npack,true,,object/itemCFG.py,confirmed-client-config
48,热情香吻,profile-decoration,frame,true,,object/itemCFG.py,confirmed-client-config
49,中华古民居,profile-decoration,bg,true,,object/itemCFG.py,confirmed-client-config
50,国旗飘飘,profile-decoration,frame,false,,object/itemCFG.py,confirmed-client-config
51,飞天章鱼,avatar-cosmetic,cap,false,,object/itemCFG.py,confirmed-client-config
52,足球的背景,profile-decoration,bg,false,,object/itemCFG.py,confirmed-client-config
53,足球的边框,profile-decoration,frame,false,,object/itemCFG.py,confirmed-client-config
54,足球杯,avatar-cosmetic,thadorn,false,,object/itemCFG.py,confirmed-client-config
55,森林小径,profile-decoration,bg,false,,object/itemCFG.py,confirmed-client-config
56,动物欢乐会,profile-decoration,frame,false,,object/itemCFG.py,confirmed-client-config
57,龟仙背壳,avatar-cosmetic,npack,false,,object/itemCFG.py,confirmed-client-config
58,兔子耳朵,avatar-cosmetic,cap,false,,object/itemCFG.py,confirmed-client-config
59,核心玩家,profile-decoration,enter,false,,object/itemCFG.py,confirmed-client-config
60,内测玩家,profile-decoration,frame,false,,object/itemCFG.py,confirmed-client-config
61,钻石雨,profile-decoration,frame,true,,object/itemCFG.py,confirmed-client-config
62,宝石背景,profile-decoration,bg,true,,object/itemCFG.py,confirmed-client-config
63,宝石边框,profile-decoration,frame,true,,object/itemCFG.py,confirmed-client-config
64,传说中的包子店,profile-decoration,bg,true,,object/itemCFG.py,confirmed-client-config
65,包子山,profile-decoration,frame,false,,object/itemCFG.py,confirmed-client-config
68,钟乳洞,profile-decoration,bg,false,,object/itemCFG.py,confirmed-client-config
69,中华青龙堂,profile-decoration,bg,false,,object/itemCFG.py,confirmed-client-config
70,小木屋,profile-decoration,bg,false,,object/itemCFG.py,confirmed-client-config
83,皇帝帽,avatar-cosmetic,cap,true,,object/itemCFG.py,confirmed-client-config
84,搞鬼便便帽,avatar-cosmetic,cap,true,,object/itemCFG.py,confirmed-client-config
91,双节棍,avatar-cosmetic,npack,true,,object/itemCFG.py,confirmed-client-config
92,圣诞包袱,avatar-cosmetic,npack,true,,object/itemCFG.py,confirmed-client-config
99,单人探险卡,account-item,item,false,,object/itemCFG.py,confirmed-client-config
100,防踢卡,account-item,platform,false,,object/itemCFG.py,confirmed-client-config
106,快乐QQ糖,profile-decoration,frame,false,,object/itemCFG.py,confirmed-client-config
107,熊出没,profile-decoration,frame,true,,object/itemCFG.py,confirmed-client-config
109,鬼魂,profile-decoration,frame,true,,object/itemCFG.py,confirmed-client-config
110,玫瑰花园,profile-decoration,bg,true,,object/itemCFG.py,confirmed-client-config
111,玫瑰翅膀,avatar-cosmetic,fpack,false,,object/itemCFG.py,confirmed-client-config
112,鸡翅膀,avatar-cosmetic,fpack,false,,object/itemCFG.py,confirmed-client-config
113,玫瑰花雨,profile-decoration,frame,false,,object/itemCFG.py,confirmed-client-config
114,玫瑰花环,avatar-cosmetic,thadorn,true,,object/itemCFG.py,confirmed-client-config
115,包子头饰,avatar-cosmetic,mouth,true,,object/itemCFG.py,confirmed-client-config
116,鸡头饰,avatar-cosmetic,cap,true,,object/itemCFG.py,confirmed-client-config
117,梦中情人,profile-decoration,bg,true,,object/itemCFG.py,confirmed-client-config
118,大众情人,profile-decoration,bg,true,,object/itemCFG.py,confirmed-client-config
119,星光糖泡,account-item,bomb,true,,object/itemCFG.py,confirmed-client-config
120,幻影,account-item,huanying,true,,object/itemCFG.py,confirmed-client-config
121,VIP卡,account-item,card,false,,object/itemCFG.py,confirmed-client-config
125,中华武道场,profile-decoration,bg,false,,object/itemCFG.py,confirmed-client-config
126,流行时尚,profile-decoration,bg,false,,object/itemCFG.py,confirmed-client-config
127,武林擂台,profile-decoration,bg,false,,object/itemCFG.py,confirmed-client-config
128,森林浴,profile-decoration,bg,false,,object/itemCFG.py,confirmed-client-config
129,举牌女郎,profile-decoration,frame,false,,object/itemCFG.py,confirmed-client-config
130,来电了,profile-decoration,frame,false,,object/itemCFG.py,confirmed-client-config
131,钻石迷情,profile-decoration,frame,false,,object/itemCFG.py,confirmed-client-config
132,人猿泰山,profile-decoration,frame,false,,object/itemCFG.py,confirmed-client-config
133,精灵翅膀,avatar-cosmetic,fpack,false,,object/itemCFG.py,confirmed-client-config
134,尚方宝剑,avatar-cosmetic,npack,false,,object/itemCFG.py,confirmed-client-config
135,日月乾坤刀,avatar-cosmetic,npack,false,,object/itemCFG.py,confirmed-client-config
136,钻石花冠,avatar-cosmetic,eye,false,,object/itemCFG.py,confirmed-client-config
137,恶魔之角,avatar-cosmetic,cap,false,,object/itemCFG.py,confirmed-client-config
138,天使之环,avatar-cosmetic,thadorn,false,,object/itemCFG.py,confirmed-client-config
140,3月首日封,profile-decoration,bg,false,,object/itemCFG.py,confirmed-client-config
147,凤凰翅膀,avatar-cosmetic,fpack,false,,object/itemCFG.py,confirmed-client-config
148,羽林披风,avatar-cosmetic,npack,false,,object/itemCFG.py,confirmed-client-config
149,骁骑披风,avatar-cosmetic,npack,false,,object/itemCFG.py,confirmed-client-config
150,冥袭披风,avatar-cosmetic,npack,true,,object/itemCFG.py,confirmed-client-config
151,影羽披风,avatar-cosmetic,npack,true,,object/itemCFG.py,confirmed-client-config
152,太御披风,avatar-cosmetic,npack,true,,object/itemCFG.py,confirmed-client-config
153,红唇糖泡,account-item,bomb,false,,object/itemCFG.py,confirmed-client-config
154,小鸡多米糖泡,account-item,bomb,false,,object/itemCFG.py,confirmed-client-config
155,紫菜杂面,avatar-cosmetic,cap,false,,object/itemCFG.py,confirmed-client-config
156,火腿面,avatar-cosmetic,cap,false,,object/itemCFG.py,confirmed-client-config
157,鱼头汤面,avatar-cosmetic,cap,false,,object/itemCFG.py,confirmed-client-config
158,炸酱面,avatar-cosmetic,cap,false,,object/itemCFG.py,confirmed-client-config
159,担担面,avatar-cosmetic,cap,false,,object/itemCFG.py,confirmed-client-config
160,青蛙汤,avatar-cosmetic,cap,false,,object/itemCFG.py,confirmed-client-config
161,僵尸帽,avatar-cosmetic,cap,true,,object/itemCFG.py,confirmed-client-config
162,旅行包,avatar-cosmetic,npack,true,,object/itemCFG.py,confirmed-client-config
163,枯井幽魂,profile-decoration,bg,true,,object/itemCFG.py,confirmed-client-config
164,游乐园,profile-decoration,bg,true,,object/itemCFG.py,confirmed-client-config
165,僵尸舞,profile-decoration,frame,true,,object/itemCFG.py,confirmed-client-config
166,移民证,profile-decoration,bg,false,,object/itemCFG.py,confirmed-client-config
167,世界地图,profile-decoration,bg,false,,object/itemCFG.py,confirmed-client-config
168,地图研究员A,profile-decoration,frame,false,,object/itemCFG.py,confirmed-client-config
169,灵魂收集器,profile-decoration,frame,false,,object/itemCFG.py,confirmed-client-config
170,地图研究员B,profile-decoration,frame,false,,object/itemCFG.py,confirmed-client-config
177,加菲猫,avatar-cosmetic,mouth,false,,object/itemCFG.py,confirmed-client-config
178,起床拉,profile-decoration,bg,false,,object/itemCFG.py,confirmed-client-config
179,考试,profile-decoration,bg,false,,object/itemCFG.py,confirmed-client-config
180,博士帽,avatar-cosmetic,cap,false,,object/itemCFG.py,confirmed-client-config
181,猴子捞月,profile-decoration,frame,false,,object/itemCFG.py,confirmed-client-config
183,舞月光,profile-decoration,bg,false,,object/itemCFG.py,confirmed-client-config
191,搞怪狼,avatar-cosmetic,cap,false,,object/itemCFG.py,confirmed-client-config
192,电光球,avatar-cosmetic,thadorn,false,,object/itemCFG.py,confirmed-client-config
193,黑铁头盔,avatar-cosmetic,cap,false,,object/itemCFG.py,confirmed-client-config
194,虹光剑,avatar-cosmetic,npack,false,,object/itemCFG.py,confirmed-client-config
195,红十字,avatar-cosmetic,mouth,false,,object/itemCFG.py,confirmed-client-config
196,虹眼器,avatar-cosmetic,mouth,false,,object/itemCFG.py,confirmed-client-config
197,火凤凰,avatar-cosmetic,fpack,false,,object/itemCFG.py,confirmed-client-config
198,烈焰剑,avatar-cosmetic,npack,false,,object/itemCFG.py,confirmed-client-config
199,闪电卡,account-item,platform,false,,object/itemCFG.py,confirmed-client-config
200,通信器,avatar-cosmetic,mouth,false,,object/itemCFG.py,confirmed-client-config
201,骑士披风,avatar-cosmetic,npack,true,,object/itemCFG.py,confirmed-client-config
202,月夜披风,avatar-cosmetic,npack,false,,object/itemCFG.py,confirmed-client-config
203,光剑,avatar-cosmetic,npack,true,,object/itemCFG.py,confirmed-client-config
204,包子卡,account-item,platform,true,,object/itemCFG.py,confirmed-client-config
218,包子,profile-decoration,bg,false,,object/itemCFG.py,confirmed-client-config
219,可乐,profile-decoration,bg,false,,object/itemCFG.py,confirmed-client-config
220,小虾米,profile-decoration,bg,false,,object/itemCFG.py,confirmed-client-config
221,哪吒,profile-decoration,bg,false,,object/itemCFG.py,confirmed-client-config
222,英雄,profile-decoration,bg,false,,object/itemCFG.py,confirmed-client-config
223,波波丽,profile-decoration,bg,false,,object/itemCFG.py,confirmed-client-config
224,春丽,profile-decoration,bg,false,,object/itemCFG.py,confirmed-client-config
225,火影,profile-decoration,bg,false,,object/itemCFG.py,confirmed-client-config
226,小倩,profile-decoration,bg,false,,object/itemCFG.py,confirmed-client-config
227,玛利亚,profile-decoration,bg,false,,object/itemCFG.py,confirmed-client-config
228,海王子,profile-decoration,bg,false,,object/itemCFG.py,confirmed-client-config
229,泰坦,profile-decoration,bg,false,,object/itemCFG.py,confirmed-client-config
230,小悟空,profile-decoration,bg,false,,object/itemCFG.py,confirmed-client-config
231,星光幻影,account-item,huanying,false,,object/itemCFG.py,confirmed-client-config
232,ceg精英,profile-decoration,frame,false,,object/itemCFG.py,confirmed-client-config
233,ceg比赛服,avatar-cosmetic,cladorn,false,,object/itemCFG.py,confirmed-client-config
234,ceg冠军,avatar-cosmetic,cap,false,,object/itemCFG.py,confirmed-client-config
236,竹蜻蜓,avatar-cosmetic,thadorn,false,,object/itemCFG.py,confirmed-client-config
237,神舟六号,profile-decoration,frame,false,,object/itemCFG.py,confirmed-client-config
238,宇航员,avatar-cosmetic,cap,false,,object/itemCFG.py,confirmed-client-config
239,宇宙的奥秘,profile-decoration,bg,false,,object/itemCFG.py,confirmed-client-config
240,小皇冠,avatar-cosmetic,cap,false,,object/itemCFG.py,confirmed-client-config
241,紫金勋章,avatar-cosmetic,mouth,false,,object/itemCFG.py,confirmed-client-config
243,紫金披风,avatar-cosmetic,npack,false,,object/itemCFG.py,confirmed-client-config
244,紫晶糖泡,account-item,bomb,false,,object/itemCFG.py,confirmed-client-config
245,紫色火焰,profile-decoration,frame,false,,object/itemCFG.py,confirmed-client-config
246,侠士面具,avatar-cosmetic,mouth,false,,object/itemCFG.py,confirmed-client-config
249,恶魔面具,avatar-cosmetic,mouth,false,,object/itemCFG.py,confirmed-client-config
250,巫师帽,avatar-cosmetic,cap,false,,object/itemCFG.py,confirmed-client-config
251,鬼城,profile-decoration,bg,false,,object/itemCFG.py,confirmed-client-config
252,南瓜面具,avatar-cosmetic,mouth,false,,object/itemCFG.py,confirmed-client-config
253,霸王龙头部,avatar-cosmetic,cap,false,,object/itemCFG.py,confirmed-client-config
254,霸王龙身体,avatar-cosmetic,cladorn,false,,object/itemCFG.py,confirmed-client-config
255,黑框眼镜,avatar-cosmetic,mouth,false,,object/itemCFG.py,confirmed-client-config
256,草莓糖泡,account-item,bomb,false,,object/itemCFG.py,confirmed-client-config
257,西瓜糖泡,account-item,bomb,false,,object/itemCFG.py,confirmed-client-config
258,可爱箭靶,avatar-cosmetic,npack,false,,object/itemCFG.py,confirmed-client-config
259,京剧旗杆,avatar-cosmetic,npack,false,,object/itemCFG.py,confirmed-client-config
260,爱琴海,profile-decoration,bg,false,,object/itemCFG.py,confirmed-client-config
261,缤纷花房,profile-decoration,bg,false,,object/itemCFG.py,confirmed-client-config
262,快乐泡泡谷,profile-decoration,bg,false,,object/itemCFG.py,confirmed-client-config
263,梦幻王国,profile-decoration,bg,false,,object/itemCFG.py,confirmed-client-config
264,泡泡舞,profile-decoration,bg,false,,object/itemCFG.py,confirmed-client-config
265,庆祝礼花,profile-decoration,bg,false,,object/itemCFG.py,confirmed-client-config
266,秋风落叶,profile-decoration,bg,false,,object/itemCFG.py,confirmed-client-config
267,囚房,profile-decoration,bg,false,,object/itemCFG.py,confirmed-client-config
268,时空隧道,profile-decoration,bg,false,,object/itemCFG.py,confirmed-client-config
269,旭日东升,profile-decoration,bg,false,,object/itemCFG.py,confirmed-client-config
270,冲天豆子,profile-decoration,bg,false,,object/itemCFG.py,confirmed-client-config
271,翘翘板,profile-decoration,bg,false,,object/itemCFG.py,confirmed-client-config
272,豆宝宝,profile-decoration,frame,false,,object/itemCFG.py,confirmed-client-config
273,海底世界,profile-decoration,frame,false,,object/itemCFG.py,confirmed-client-config
274,米多追酷比,profile-decoration,frame,false,,object/itemCFG.py,confirmed-client-config
275,米多和酷比,profile-decoration,frame,false,,object/itemCFG.py,confirmed-client-config
276,烛光,profile-decoration,frame,false,,object/itemCFG.py,confirmed-client-config
277,小丑鼻,avatar-cosmetic,mouth,false,,object/itemCFG.py,confirmed-client-config
278,多彩蝴蝶结,avatar-cosmetic,npack,false,,object/itemCFG.py,confirmed-client-config
280,太阳神头盔,avatar-cosmetic,cap,false,,object/itemCFG.py,confirmed-client-config
281,阿拉蕾帽子,avatar-cosmetic,cap,false,,object/itemCFG.py,confirmed-client-config
282,兔子发圈,avatar-cosmetic,cap,false,,object/itemCFG.py,confirmed-client-config
283,猫儿发圈,avatar-cosmetic,cap,false,,object/itemCFG.py,confirmed-client-config
285,草帽,avatar-cosmetic,cap,false,,object/itemCFG.py,confirmed-client-config
286,小恶魔头饰,avatar-cosmetic,cap,false,,object/itemCFG.py,confirmed-client-config
287,武士头盔,avatar-cosmetic,cap,false,,object/itemCFG.py,confirmed-client-config
288,武士铠甲,avatar-cosmetic,cladorn,false,,object/itemCFG.py,confirmed-client-config
289,机枪扫射,profile-decoration,enter,false,,object/itemCFG.py,confirmed-client-config
291,水宝宝,profile-decoration,frame,false,,object/itemCFG.py,confirmed-client-config
292,蜗牛,profile-decoration,frame,false,,object/itemCFG.py,confirmed-client-config
293,迷你眼镜,avatar-cosmetic,mouth,false,,object/itemCFG.py,confirmed-client-config
294,小喇叭,account-item,platform,false,,object/itemCFG.py,confirmed-client-config
296,汉堡,avatar-cosmetic,cap,false,,object/itemCFG.py,confirmed-client-config
297,小笼包,avatar-cosmetic,cap,false,,object/itemCFG.py,confirmed-client-config
298,大长今衣服,avatar-cosmetic,cladorn,false,,object/itemCFG.py,confirmed-client-config
299,哈里波特,avatar-cosmetic,cladorn,false,,object/itemCFG.py,confirmed-client-config
300,QQ糖盾,avatar-cosmetic,ear,false,,object/itemCFG.py,confirmed-client-config
301,圈圈眼镜,avatar-cosmetic,mouth,false,,object/itemCFG.py,confirmed-client-config
302,黑客帝国墨镜,avatar-cosmetic,mouth,false,,object/itemCFG.py,confirmed-client-config
303,可爱眼镜,avatar-cosmetic,mouth,false,,object/itemCFG.py,confirmed-client-config
304,奶嘴,avatar-cosmetic,mouth,false,,object/itemCFG.py,confirmed-client-config
305,吹泡泡,avatar-cosmetic,mouth,false,,object/itemCFG.py,confirmed-client-config
306,布布,avatar-cosmetic,npack,false,,object/itemCFG.py,confirmed-client-config
307,早餐推车,avatar-cosmetic,npack,false,,object/itemCFG.py,confirmed-client-config
308,波波利,avatar-cosmetic,npack,false,,object/itemCFG.py,confirmed-client-config
309,926纪念品-酷比帽,avatar-cosmetic,cap,false,,object/itemCFG.py,confirmed-client-config
310,926纪念品-小坦克,avatar-cosmetic,npack,false,,object/itemCFG.py,confirmed-client-config
311,926纪念邮票-机械城,profile-decoration,bg,false,,object/itemCFG.py,confirmed-client-config
312,926纪念邮票-大炮,profile-decoration,bg,false,,object/itemCFG.py,confirmed-client-config
313,926纪念邮票-酷比,profile-decoration,bg,false,,object/itemCFG.py,confirmed-client-config
314,大长今帽子,avatar-cosmetic,cap,false,,object/itemCFG.py,confirmed-client-config
319,海盗帽,avatar-cosmetic,cap,false,,object/itemCFG.py,confirmed-client-config
321,雪人围巾,avatar-cosmetic,cladorn,false,,object/itemCFG.py,confirmed-client-config
329,雪花幻影,account-item,huanying,false,,object/itemCFG.py,confirmed-client-config
330,火焰幻影,account-item,huanying,false,,object/itemCFG.py,confirmed-client-config
340,购物券,account-item,kubi,false,,object/itemCFG.py,confirmed-client-config
400,凌波微步,account-item,footprint,false,,object/itemCFG.py,confirmed-client-config
401,熊猫脚印,account-item,footprint,false,,object/itemCFG.py,confirmed-client-config
402,雪山来信,account-item,platform,true,,object/itemCFG.py,confirmed-client-config
403,格里芬日记,account-item,platform,true,,object/itemCFG.py,confirmed-client-config
404,圣诞老人的帽子,avatar-cosmetic,cap,true,,object/itemCFG.py,confirmed-client-config
405,圣诞老人的衣服,avatar-cosmetic,cladorn,true,,object/itemCFG.py,confirmed-client-config
406,圣诞老人的胡子,avatar-cosmetic,mouth,true,,object/itemCFG.py,confirmed-client-config
407,麋鹿酷比精灵,avatar-cosmetic,thadorn,true,,object/itemCFG.py,confirmed-client-config
408,恶魔酷比精灵,avatar-cosmetic,thadorn,true,,object/itemCFG.py,confirmed-client-config
414,恐龙蛋糖泡,account-item,bomb,true,,object/itemCFG.py,confirmed-client-config
418,庐山升龙霸,profile-decoration,frame,true,,object/itemCFG.py,confirmed-client-config
419,牛蹄脚印,account-item,footprint,true,,object/itemCFG.py,confirmed-client-config
430,鬼仆头巾,avatar-cosmetic,cap,true,,object/itemCFG.py,confirmed-client-config
431,年兽的皮,avatar-cosmetic,cladorn,true,,object/itemCFG.py,confirmed-client-config
432,鬼仆黑袍,avatar-cosmetic,cladorn,true,,object/itemCFG.py,confirmed-client-config
433,年兽的角,avatar-cosmetic,cap,true,,object/itemCFG.py,confirmed-client-config
434,鬼仆蛇刃,avatar-cosmetic,npack,true,,object/itemCFG.py,confirmed-client-config
435,麋鹿铃铛,account-item,platform,true,,object/itemCFG.py,confirmed-client-config
436,平安的祭品,account-item,platform,true,,object/itemCFG.py,confirmed-client-config
437,珍贵的祭品,account-item,platform,true,,object/itemCFG.py,confirmed-client-config
438,鲜花头盔,avatar-cosmetic,cap,true,,object/itemCFG.py,confirmed-client-config
439,雷神之锤,avatar-cosmetic,fpack,true,,object/itemCFG.py,confirmed-client-config
440,鲜花盔甲,avatar-cosmetic,cladorn,true,,object/itemCFG.py,confirmed-client-config
450,藏宝图碎片,account-item,platform,true,,object/itemCFG.py,confirmed-client-config
451,水手帽,avatar-cosmetic,cap,true,,object/itemCFG.py,confirmed-client-config
452,水手衣,avatar-cosmetic,cladorn,true,,object/itemCFG.py,confirmed-client-config
453,船长日志,account-item,platform,true,,object/itemCFG.py,confirmed-client-config
454,海盗帽,avatar-cosmetic,cap,true,,object/itemCFG.py,confirmed-client-config
455,海盗衣,avatar-cosmetic,cladorn,true,,object/itemCFG.py,confirmed-client-config
456,海盗眼罩,avatar-cosmetic,mouth,true,,object/itemCFG.py,confirmed-client-config
458,水手弯刀,avatar-cosmetic,npack,true,,object/itemCFG.py,confirmed-client-config
459,虎克船长的火枪,avatar-cosmetic,npack,true,,object/itemCFG.py,confirmed-client-config
460,藏宝图,account-item,platform,true,,object/itemCFG.py,confirmed-client-config
461,葡萄牙队服,avatar-cosmetic,cladorn,true,,object/itemCFG.py,confirmed-client-config
462,英格兰队服,avatar-cosmetic,cladorn,true,,object/itemCFG.py,confirmed-client-config
463,小小罗面具,avatar-cosmetic,mouth,true,,object/itemCFG.py,confirmed-client-config
464,世界杯门票,account-item,platform,true,,object/itemCFG.py,confirmed-client-config
465,鲁尼面具,avatar-cosmetic,mouth,true,,object/itemCFG.py,confirmed-client-config
466,刺客球鞋,avatar-cosmetic,npack,true,,object/itemCFG.py,confirmed-client-config
467,贝氏弯刀,account-item,platform,true,,object/itemCFG.py,confirmed-client-config
468,少林金刚脚,account-item,platform,true,,object/itemCFG.py,confirmed-client-config
469,世界杯决赛门票,account-item,platform,true,,object/itemCFG.py,confirmed-client-config
473,精灵之羽,account-item,item,true,,object/itemCFG.py,confirmed-client-config
477,时空之沙,account-item,item,true,,object/itemCFG.py,confirmed-client-config
1005,火焰糖泡,account-item,bomb,false,,object/itemCFG.py,confirmed-client-config
1006,鞭炮幻影,account-item,huanying,false,,object/itemCFG.py,confirmed-client-config
1007,鞭炮泡泡盾,avatar-cosmetic,ear,false,,object/itemCFG.py,confirmed-client-config
1008,风火轮,account-item,footprint,false,,object/itemCFG.py,confirmed-client-config
1024,QQT人物对对碰,profile-decoration,bg,false,,object/itemCFG.py,confirmed-client-config
1025,爱情证书,profile-decoration,bg,false,,object/itemCFG.py,confirmed-client-config
1026,爱心糖泡,account-item,bomb,false,,object/itemCFG.py,confirmed-client-config
1027,雪球糖泡,account-item,bomb,false,,object/itemCFG.py,confirmed-client-config
1028,情侣头饰,avatar-cosmetic,cap,false,,object/itemCFG.py,confirmed-client-config
1029,玫瑰花蕊,avatar-cosmetic,cap,false,,object/itemCFG.py,confirmed-client-config
1030,情侣帽-新郎冠,avatar-cosmetic,cap,false,,object/itemCFG.py,confirmed-client-config
1031,情侣帽-新娘盖头,avatar-cosmetic,cap,false,,object/itemCFG.py,confirmed-client-config
1032,情人节心形挂坠-男,avatar-cosmetic,mouth,false,,object/itemCFG.py,confirmed-client-config
1033,情人节心形挂坠-女,avatar-cosmetic,mouth,false,,object/itemCFG.py,confirmed-client-config
1034,情人节肚兜-男,avatar-cosmetic,mouth,false,,object/itemCFG.py,confirmed-client-config
1035,情人节肚兜-女,avatar-cosmetic,mouth,false,,object/itemCFG.py,confirmed-client-config
1036,情侣装-男生版,avatar-cosmetic,cladorn,false,,object/itemCFG.py,confirmed-client-config
1037,情侣装-女生版,avatar-cosmetic,cladorn,false,,object/itemCFG.py,confirmed-client-config
1038,情侣装-男孩版,avatar-cosmetic,cladorn,false,,object/itemCFG.py,confirmed-client-config
1039,情侣装-女孩版,avatar-cosmetic,cladorn,false,,object/itemCFG.py,confirmed-client-config
1040,玫瑰花飘落,profile-decoration,enter,false,,object/itemCFG.py,confirmed-client-config
1041,爱心飘落,profile-decoration,enter,false,,object/itemCFG.py,confirmed-client-config
1042,数字脚印520,account-item,footprint,false,,object/itemCFG.py,confirmed-client-config
1043,爱心脚印,account-item,footprint,false,,object/itemCFG.py,confirmed-client-config
1045,玫瑰幻影,account-item,huanying,false,,object/itemCFG.py,confirmed-client-config
1046,情人翅膀-左,avatar-cosmetic,fpack,false,,object/itemCFG.py,confirmed-client-config
1047,情人翅膀-右,avatar-cosmetic,fpack,false,,object/itemCFG.py,confirmed-client-config
1048,爱心的框架,profile-decoration,frame,false,,object/itemCFG.py,confirmed-client-config
1049,情侣边框LOVE,profile-decoration,frame,false,,object/itemCFG.py,confirmed-client-config
1050,情侣边框YOU,profile-decoration,frame,false,,object/itemCFG.py,confirmed-client-config
1051,爱心幻影,account-item,huanying,false,,object/itemCFG.py,confirmed-client-config
1052,求爱玫瑰,avatar-cosmetic,mouth,false,,object/itemCFG.py,confirmed-client-config
1053,情人披风,avatar-cosmetic,fpack,false,,object/itemCFG.py,confirmed-client-config
1054,玫瑰花园,profile-decoration,bg,false,,object/itemCFG.py,confirmed-client-config
1055,玫瑰霓裳,avatar-cosmetic,cladorn,false,,object/itemCFG.py,confirmed-client-config
1058,丘比特,avatar-cosmetic,npack,false,,object/itemCFG.py,confirmed-client-config
1061,梦中情人边框,profile-decoration,frame,false,,object/itemCFG.py,confirmed-client-config
1062,大众情人边框,profile-decoration,frame,false,,object/itemCFG.py,confirmed-client-config
1063,心语心愿,profile-decoration,bg,false,,object/itemCFG.py,confirmed-client-config
1064,爱的梦幻,profile-decoration,bg,false,,object/itemCFG.py,confirmed-client-config
1065,故乡,profile-decoration,bg,false,,object/itemCFG.py,confirmed-client-config
1066,海边阳台,profile-decoration,bg,false,,object/itemCFG.py,confirmed-client-config
1067,恋爱快车,profile-decoration,frame,false,,object/itemCFG.py,confirmed-client-config
1068,花飞蝶舞,profile-decoration,frame,false,,object/itemCFG.py,confirmed-client-config
1069,心房,profile-decoration,frame,false,,object/itemCFG.py,confirmed-client-config
1070,绽放玫瑰,profile-decoration,frame,false,,object/itemCFG.py,confirmed-client-config
1071,恋爱心声,profile-decoration,frame,false,,object/itemCFG.py,confirmed-client-config
1072,白色星光翅膀,avatar-cosmetic,fpack,false,,object/itemCFG.py,confirmed-client-config
1073,巧克力糖泡,account-item,bomb,false,,object/itemCFG.py,confirmed-client-config
1074,IloveU脚印,account-item,footprint,false,,object/itemCFG.py,confirmed-client-config
1077,盟约书,account-item,platform,false,,object/itemCFG.py,confirmed-client-config
1080,骷髅炮弹糖泡,account-item,bomb,false,,object/itemCFG.py,confirmed-client-config
1081,黄金糖泡,account-item,bomb,false,,object/itemCFG.py,confirmed-client-config
1082,螃蟹糖泡,account-item,bomb,false,,object/itemCFG.py,confirmed-client-config
1083,飞鱼头盔,avatar-cosmetic,cap,false,,object/itemCFG.py,confirmed-client-config
1084,鲨鱼头盔,avatar-cosmetic,cap,false,,object/itemCFG.py,confirmed-client-config
1086,潜水头盔,avatar-cosmetic,cap,false,,object/itemCFG.py,confirmed-client-config
1087,海盗鹦鹉,avatar-cosmetic,cap,false,,object/itemCFG.py,confirmed-client-config
1091,气泡幻影,account-item,huanying,false,,object/itemCFG.py,confirmed-client-config
1092,氧气面罩,avatar-cosmetic,mouth,false,,object/itemCFG.py,confirmed-client-config
1093,烟斗,avatar-cosmetic,mouth,false,,object/itemCFG.py,confirmed-client-config
1094,海盗旗帜2,avatar-cosmetic,npack,false,,object/itemCFG.py,confirmed-client-config
1095,海盗旗帜3,avatar-cosmetic,npack,false,,object/itemCFG.py,confirmed-client-config
1096,骷髅,avatar-cosmetic,npack,false,,object/itemCFG.py,confirmed-client-config
1097,铁锚,avatar-cosmetic,npack,false,,object/itemCFG.py,confirmed-client-config
1098,海盗战袍,avatar-cosmetic,npack,false,,object/itemCFG.py,confirmed-client-config
1099,氧气筒,avatar-cosmetic,npack,false,,object/itemCFG.py,confirmed-client-config
1100,鲨鱼鳍,avatar-cosmetic,npack,false,,object/itemCFG.py,confirmed-client-config
1101,刺刀猎枪,avatar-cosmetic,npack,false,,object/itemCFG.py,confirmed-client-config
1102,鱼叉,avatar-cosmetic,npack,false,,object/itemCFG.py,confirmed-client-config
1103,火炮,avatar-cosmetic,npack,false,,object/itemCFG.py,confirmed-client-config
1104,海盗旗帜,avatar-cosmetic,npack,false,,object/itemCFG.py,confirmed-client-config
1105,海盗船背景,profile-decoration,bg,false,,object/itemCFG.py,confirmed-client-config
1106,海盗船背景1,profile-decoration,bg,false,,object/itemCFG.py,confirmed-client-config
1107,海盗船背景2,profile-decoration,bg,false,,object/itemCFG.py,confirmed-client-config
1108,海盗船背景,profile-decoration,bg,false,,object/itemCFG.py,confirmed-client-config
1109,舵轮背景,profile-decoration,bg,false,,object/itemCFG.py,confirmed-client-config
1110,铁锚背景,profile-decoration,bg,false,,object/itemCFG.py,confirmed-client-config
1111,藏宝图背景,profile-decoration,bg,false,,object/itemCFG.py,confirmed-client-config
1112,暴风雨,profile-decoration,enter,false,,object/itemCFG.py,confirmed-client-config
1117,骷髅幻影,account-item,huanying,false,,object/itemCFG.py,confirmed-client-config
1118,骷髅脚印,account-item,footprint,false,,object/itemCFG.py,confirmed-client-config
1119,闪电幻影,account-item,huanying,false,,object/itemCFG.py,confirmed-client-config
1120,蛙人脚印,account-item,footprint,false,,object/itemCFG.py,confirmed-client-config
1121,船长密室纪念邮票1,profile-decoration,bg,false,,object/itemCFG.py,confirmed-client-config
1122,船长密室纪念邮票2,profile-decoration,bg,false,,object/itemCFG.py,confirmed-client-config
1123,船长密室纪念邮票3,profile-decoration,bg,false,,object/itemCFG.py,confirmed-client-config
1124,船长密室纪念邮票4,profile-decoration,bg,false,,object/itemCFG.py,confirmed-client-config
1125,船长密室纪念邮票5,profile-decoration,bg,false,,object/itemCFG.py,confirmed-client-config
1126,船长密室纪念邮票6,profile-decoration,bg,false,,object/itemCFG.py,confirmed-client-config
1128,世界杯浪漫背景,profile-decoration,bg,false,,object/itemCFG.py,confirmed-client-config
1129,世界杯绚丽背景,profile-decoration,bg,false,,object/itemCFG.py,confirmed-client-config
1130,世界杯官方背景,profile-decoration,bg,false,,object/itemCFG.py,confirmed-client-config
1131,大力神杯背景,profile-decoration,bg,false,,object/itemCFG.py,confirmed-client-config
1132,可口可乐世界杯,profile-decoration,bg,false,,object/itemCFG.py,confirmed-client-config
1133,06世界杯邮票1,profile-decoration,bg,false,,object/itemCFG.py,confirmed-client-config
1134,06世界杯邮票2,profile-decoration,bg,false,,object/itemCFG.py,confirmed-client-config
1135,06世界杯邮票3,profile-decoration,bg,false,,object/itemCFG.py,confirmed-client-config
1136,06世界杯邮票4,profile-decoration,bg,false,,object/itemCFG.py,confirmed-client-config
1137,足球糖泡,account-item,bomb,false,,object/itemCFG.py,confirmed-client-config
1138,可乐糖泡,account-item,bomb,false,,object/itemCFG.py,confirmed-client-config
1140,齐秃,avatar-cosmetic,cap,false,,object/itemCFG.py,confirmed-client-config
1142,小贝,avatar-cosmetic,cap,false,,object/itemCFG.py,confirmed-client-config
1143,足球流氓,avatar-cosmetic,cap,false,,object/itemCFG.py,confirmed-client-config
1145,肥罗,avatar-cosmetic,cap,false,,object/itemCFG.py,confirmed-client-config
1146,意大利头巾,avatar-cosmetic,cap,false,,object/itemCFG.py,confirmed-client-config
1147,阿根廷头巾,avatar-cosmetic,cap,false,,object/itemCFG.py,confirmed-client-config
1149,英格兰头巾,avatar-cosmetic,cap,false,,object/itemCFG.py,confirmed-client-config
1150,葡萄牙头巾,avatar-cosmetic,cap,false,,object/itemCFG.py,confirmed-client-config
1151,韩国头巾,avatar-cosmetic,cap,false,,object/itemCFG.py,confirmed-client-config
1153,法国头巾,avatar-cosmetic,cap,false,,object/itemCFG.py,confirmed-client-config
1154,西班牙头巾,avatar-cosmetic,cap,false,,object/itemCFG.py,confirmed-client-config
1155,美国头巾,avatar-cosmetic,cap,false,,object/itemCFG.py,confirmed-client-config
1156,荷兰客场队服,avatar-cosmetic,cladorn,false,,object/itemCFG.py,confirmed-client-config
1157,荷兰队服,avatar-cosmetic,cladorn,false,,object/itemCFG.py,confirmed-client-config
1158,巴西队服,avatar-cosmetic,cladorn,false,,object/itemCFG.py,confirmed-client-config
1159,法国队服,avatar-cosmetic,cladorn,false,,object/itemCFG.py,confirmed-client-config
1160,阿根廷队服,avatar-cosmetic,cladorn,false,,object/itemCFG.py,confirmed-client-config
1161,西班牙队服,avatar-cosmetic,cladorn,false,,object/itemCFG.py,confirmed-client-config
1162,球星登场,profile-decoration,enter,false,,object/itemCFG.py,confirmed-client-config
1163,烟火表演,profile-decoration,enter,false,,object/itemCFG.py,confirmed-client-config
1164,射门,profile-decoration,enter,false,,object/itemCFG.py,confirmed-client-config
1165,我们是冠军,profile-decoration,frame,false,,object/itemCFG.py,confirmed-client-config
1166,最佳射手,profile-decoration,frame,false,,object/itemCFG.py,confirmed-client-config
1167,最佳球员,profile-decoration,frame,false,,object/itemCFG.py,confirmed-client-config
1168,小罗面具,avatar-cosmetic,mouth,false,,object/itemCFG.py,confirmed-client-config
1169,足球背包,avatar-cosmetic,npack,false,,object/itemCFG.py,confirmed-client-config
1177,中华英雄背景,profile-decoration,bg,false,,object/itemCFG.py,confirmed-client-config
1178,英雄,profile-decoration,bg,false,,object/itemCFG.py,confirmed-client-config
1179,中国结,profile-decoration,bg,false,,object/itemCFG.py,confirmed-client-config
1180,龙腾虎跃,profile-decoration,bg,false,,object/itemCFG.py,confirmed-client-config
1181,华山论剑,profile-decoration,bg,false,,object/itemCFG.py,confirmed-client-config
1182,酷比杂志背景,profile-decoration,bg,false,,object/itemCFG.py,confirmed-client-config
1183,争霸赛邮票4,profile-decoration,bg,false,,object/itemCFG.py,confirmed-client-config
1184,争霸赛邮票3,profile-decoration,bg,false,,object/itemCFG.py,confirmed-client-config
1185,争霸赛邮票2,profile-decoration,bg,false,,object/itemCFG.py,confirmed-client-config
1186,争霸赛邮票1,profile-decoration,bg,false,,object/itemCFG.py,confirmed-client-config
1187,中华糖泡,account-item,bomb,false,,object/itemCFG.py,confirmed-client-config
1188,斗魂糖泡,account-item,bomb,false,,object/itemCFG.py,confirmed-client-config
1189,雷电糖泡,account-item,bomb,false,,object/itemCFG.py,confirmed-client-config
1190,天使糖泡,account-item,bomb,false,,object/itemCFG.py,confirmed-client-config
1191,中华龙神头盔,avatar-cosmetic,cap,false,,object/itemCFG.py,confirmed-client-config
1192,格格头饰,avatar-cosmetic,cap,false,,object/itemCFG.py,confirmed-client-config
1193,熊猫宝宝,avatar-cosmetic,cap,false,,object/itemCFG.py,confirmed-client-config
1194,中华英雄帝王装,avatar-cosmetic,cladorn,false,,object/itemCFG.py,confirmed-client-config
1195,中华龙神铠甲,avatar-cosmetic,cladorn,false,,object/itemCFG.py,confirmed-client-config
1196,参赛武士服,avatar-cosmetic,cladorn,false,,object/itemCFG.py,confirmed-client-config
1197,中华黄金铠甲,avatar-cosmetic,cladorn,false,,object/itemCFG.py,confirmed-client-config
1198,超人,avatar-cosmetic,cladorn,false,,object/itemCFG.py,confirmed-client-config
1200,古典美女服饰,avatar-cosmetic,cladorn,false,,object/itemCFG.py,confirmed-client-config
1201,神偷谍影,profile-decoration,enter,false,,object/itemCFG.py,confirmed-client-config
1202,中华折扇,avatar-cosmetic,fpack,false,,object/itemCFG.py,confirmed-client-config
1203,龙神翅膀,avatar-cosmetic,fpack,false,,object/itemCFG.py,confirmed-client-config
1204,酷比气球,avatar-cosmetic,fpack,false,,object/itemCFG.py,confirmed-client-config
1205,丝绸扇,avatar-cosmetic,fpack,false,,object/itemCFG.py,confirmed-client-config
1206,王者之弓,avatar-cosmetic,fpack,false,,object/itemCFG.py,confirmed-client-config
1208,加油旗帜,avatar-cosmetic,fpack,false,,object/itemCFG.py,confirmed-client-config
1209,盘龙柱,profile-decoration,frame,false,,object/itemCFG.py,confirmed-client-config
1210,中国结,profile-decoration,frame,false,,object/itemCFG.py,confirmed-client-config
1211,大红灯笼高高挂,profile-decoration,frame,false,,object/itemCFG.py,confirmed-client-config
1212,彩虹幻影,account-item,huanying,false,,object/itemCFG.py,confirmed-client-config
1213,刀光剑影幻影,account-item,huanying,false,,object/itemCFG.py,confirmed-client-config
1214,名剑,avatar-cosmetic,npack,false,,object/itemCFG.py,confirmed-client-config
1215,关刀,avatar-cosmetic,npack,false,,object/itemCFG.py,confirmed-client-config
1216,蛇矛,avatar-cosmetic,npack,false,,object/itemCFG.py,confirmed-client-config
1218,飞鱼铁刃,avatar-cosmetic,npack,false,,object/itemCFG.py,confirmed-client-config
1219,仙女棒,avatar-cosmetic,npack,false,,object/itemCFG.py,confirmed-client-config
1220,禁卫军羽林头冠,avatar-cosmetic,cap,false,,object/itemCFG.py,confirmed-client-config
1221,皇家军团影羽头冠,avatar-cosmetic,cap,false,,object/itemCFG.py,confirmed-client-config
1222,皇家军团骁骑头冠,avatar-cosmetic,cap,false,,object/itemCFG.py,confirmed-client-config
1223,皇家军团冥袭头冠,avatar-cosmetic,cap,false,,object/itemCFG.py,confirmed-client-config
1224,皇家军团太御头冠,avatar-cosmetic,cap,false,,object/itemCFG.py,confirmed-client-config
1226,酷比面具,avatar-cosmetic,mouth,false,,object/itemCFG.py,confirmed-client-config
1227,咸蛋超人面具,avatar-cosmetic,mouth,false,,object/itemCFG.py,confirmed-client-config
1228,忍者面具,avatar-cosmetic,cap,false,,object/itemCFG.py,confirmed-client-config
1229,绅士单片眼镜,avatar-cosmetic,mouth,false,,object/itemCFG.py,confirmed-client-config
1230,彩羽假面,avatar-cosmetic,mouth,false,,object/itemCFG.py,confirmed-client-config
1231,蜘蛛侠假面,avatar-cosmetic,mouth,false,,object/itemCFG.py,confirmed-client-config
1232,巴洛克的假面,avatar-cosmetic,mouth,false,,object/itemCFG.py,confirmed-client-config
1233,妖之媚惑假面,avatar-cosmetic,mouth,false,,object/itemCFG.py,confirmed-client-config
1234,黄金贵族假面,avatar-cosmetic,mouth,false,,object/itemCFG.py,confirmed-client-config
1235,孔雀公主假面,avatar-cosmetic,cap,false,,object/itemCFG.py,confirmed-client-config
1236,西瓜帽,avatar-cosmetic,cap,false,,object/itemCFG.py,confirmed-client-config
1237,假面绅士礼帽,avatar-cosmetic,cap,false,,object/itemCFG.py,confirmed-client-config
1238,牛仔帽,avatar-cosmetic,cap,false,,object/itemCFG.py,confirmed-client-config
1239,贵妇帽,avatar-cosmetic,cap,false,,object/itemCFG.py,confirmed-client-config
1240,公主头饰,avatar-cosmetic,eye,false,,object/itemCFG.py,confirmed-client-config
1241,淑女头饰,avatar-cosmetic,cap,false,,object/itemCFG.py,confirmed-client-config
1242,厨师帽,avatar-cosmetic,cap,false,,object/itemCFG.py,confirmed-client-config
1243,贺岁小猪帽,avatar-cosmetic,cap,false,,object/itemCFG.py,confirmed-client-config
1244,婚纱头饰,avatar-cosmetic,cap,false,,object/itemCFG.py,confirmed-client-config
1245,小狗旺财,avatar-cosmetic,cap,false,,object/itemCFG.py,confirmed-client-config
1246,迷你电扇,avatar-cosmetic,thadorn,false,,object/itemCFG.py,confirmed-client-config
1247,雨伞,avatar-cosmetic,cap,false,,object/itemCFG.py,confirmed-client-config
1248,乌云,avatar-cosmetic,thadorn,false,,object/itemCFG.py,confirmed-client-config
1249,天鹅头游泳圈,avatar-cosmetic,cladorn,false,,object/itemCFG.py,confirmed-client-config
1250,假面绅士西装,avatar-cosmetic,cladorn,false,,object/itemCFG.py,confirmed-client-config
1251,咸蛋超人服,avatar-cosmetic,cladorn,false,,object/itemCFG.py,confirmed-client-config
1252,婚纱,avatar-cosmetic,cladorn,false,,object/itemCFG.py,confirmed-client-config
1253,贵妇装,avatar-cosmetic,cladorn,false,,object/itemCFG.py,confirmed-client-config
1254,公主泡泡裙,avatar-cosmetic,cladorn,false,,object/itemCFG.py,confirmed-client-config
1255,淑女裙装,avatar-cosmetic,cladorn,false,,object/itemCFG.py,confirmed-client-config
1256,厨师裙,avatar-cosmetic,cladorn,false,,object/itemCFG.py,confirmed-client-config
1257,夏日风情,avatar-cosmetic,cladorn,false,,object/itemCFG.py,confirmed-client-config
1259,粉红天使罩,avatar-cosmetic,ear,false,,object/itemCFG.py,confirmed-client-config
1260,仲夏淑女连衣裙,avatar-cosmetic,cladorn,false,,object/itemCFG.py,confirmed-client-config
1261,0元超值魔法棒,avatar-cosmetic,npack,false,,object/itemCFG.py,confirmed-client-config
1262,魔女的扫帚,avatar-cosmetic,npack,false,,object/itemCFG.py,confirmed-client-config
1264,凤凰尾巴,avatar-cosmetic,fpack,false,,object/itemCFG.py,confirmed-client-config
1265,狂欢烟花幻影,account-item,huanying,false,,object/itemCFG.py,confirmed-client-config
1266,夏夜鬼魅幻影,account-item,huanying,false,,object/itemCFG.py,confirmed-client-config
1269,帐篷,profile-decoration,bg,false,,object/itemCFG.py,confirmed-client-config
1270,婚礼教堂,profile-decoration,bg,false,,object/itemCFG.py,confirmed-client-config
1271,舞会古堡背景,profile-decoration,bg,false,,object/itemCFG.py,confirmed-client-config
1272,舞会大厅背景,profile-decoration,bg,false,,object/itemCFG.py,confirmed-client-config
1274,女巫登场,profile-decoration,enter,false,,object/itemCFG.py,confirmed-client-config
1275,晚会马车,profile-decoration,enter,false,,object/itemCFG.py,confirmed-client-config
1276,狙击镜,profile-decoration,frame,false,,object/itemCFG.py,confirmed-client-config
1277,太阳糖泡,account-item,bomb,false,,object/itemCFG.py,confirmed-client-config
1278,南瓜糖泡,account-item,bomb,false,,object/itemCFG.py,confirmed-client-config
1283,红宝石,account-item,card,false,,object/itemCFG.py,confirmed-client-config
1284,黄宝石,account-item,card,false,,object/itemCFG.py,confirmed-client-config
1285,绿宝石,account-item,card,false,,object/itemCFG.py,confirmed-client-config
1292,水晶半月糖泡,account-item,bomb,false,,object/itemCFG.py,confirmed-client-config
1293,地球糖泡,account-item,bomb,false,,object/itemCFG.py,confirmed-client-config
1294,流星幻影,account-item,huanying,false,,object/itemCFG.py,confirmed-client-config
1295,彩虹披风,avatar-cosmetic,npack,false,,object/itemCFG.py,confirmed-client-config
1296,彩虹相随,avatar-cosmetic,thadorn,false,,object/itemCFG.py,confirmed-client-config
1297,异形1,avatar-cosmetic,cap,false,,object/itemCFG.py,confirmed-client-config
1299,嫦娥发型,avatar-cosmetic,cap,false,,object/itemCFG.py,confirmed-client-config
1300,兔子帽子,avatar-cosmetic,cap,false,,object/itemCFG.py,confirmed-client-config
1301,棒棒糖太空帽,avatar-cosmetic,cap,false,,object/itemCFG.py,confirmed-client-config
1302,星际女皇皇冠,avatar-cosmetic,eye,false,,object/itemCFG.py,confirmed-client-config
1303,太空游侠头盔,avatar-cosmetic,cap,false,,object/itemCFG.py,confirmed-client-config
1304,玉皇大帝王冠,avatar-cosmetic,cap,false,,object/itemCFG.py,confirmed-client-config
1305,狼人帽子,avatar-cosmetic,cap,false,,object/itemCFG.py,confirmed-client-config
1306,月兔面具,avatar-cosmetic,mouth,false,,object/itemCFG.py,confirmed-client-config
1307,仙女面具,avatar-cosmetic,mouth,false,,object/itemCFG.py,confirmed-client-config
1309,太空眼罩,avatar-cosmetic,mouth,false,,object/itemCFG.py,confirmed-client-config
1310,侦察眼镜,avatar-cosmetic,mouth,false,,object/itemCFG.py,confirmed-client-config
1311,神奇的树,avatar-cosmetic,thadorn,false,,object/itemCFG.py,confirmed-client-config
1312,明月当空照,avatar-cosmetic,thadorn,false,,object/itemCFG.py,confirmed-client-config
1315,红粉知己,avatar-cosmetic,eye,false,,object/itemCFG.py,confirmed-client-config
1318,太空面罩,avatar-cosmetic,mouth,false,,object/itemCFG.py,confirmed-client-config
1320,UFO衣服,avatar-cosmetic,ear,false,,object/itemCFG.py,confirmed-client-config
1321,宇航服,avatar-cosmetic,cladorn,false,,object/itemCFG.py,confirmed-client-config
1323,嫦娥霓裳,avatar-cosmetic,cladorn,false,,object/itemCFG.py,confirmed-client-config
1324,红粉知己肚兜,avatar-cosmetic,mouth,false,,object/itemCFG.py,confirmed-client-config
1325,氧气罐,avatar-cosmetic,npack,false,,object/itemCFG.py,confirmed-client-config
1326,仙女飘带,avatar-cosmetic,fpack,false,,object/itemCFG.py,confirmed-client-config
1327,国庆T恤,avatar-cosmetic,cladorn,false,,object/itemCFG.py,confirmed-client-config
1328,月亮骑士披风,avatar-cosmetic,npack,false,,object/itemCFG.py,confirmed-client-config
1329,月兔背包,avatar-cosmetic,npack,false,,object/itemCFG.py,confirmed-client-config
1330,考拉熊背包,avatar-cosmetic,npack,false,,object/itemCFG.py,confirmed-client-config
1331,可爱小熊背包,avatar-cosmetic,npack,false,,object/itemCFG.py,confirmed-client-config
1332,星星脚印,account-item,footprint,false,,object/itemCFG.py,confirmed-client-config
1336,月圆之夜,profile-decoration,bg,false,,object/itemCFG.py,confirmed-client-config
1338,星际空间,profile-decoration,bg,false,,object/itemCFG.py,confirmed-client-config
1339,猴子捞月,profile-decoration,frame,false,,object/itemCFG.py,confirmed-client-config
1340,行星护体,profile-decoration,frame,false,,object/itemCFG.py,confirmed-client-config
1341,行星撞击,profile-decoration,enter,false,,object/itemCFG.py,confirmed-client-config
1342,外星人登场,profile-decoration,enter,false,,object/itemCFG.py,confirmed-client-config
1343,兔子糖泡,account-item,bomb,false,,object/itemCFG.py,confirmed-client-config
1344,绝版月饼糖泡,account-item,bomb,false,,object/itemCFG.py,confirmed-client-config
1347,黄金家族背景,profile-decoration,bg,false,,object/itemCFG.py,confirmed-client-config
1348,白银家族背景,profile-decoration,bg,false,,object/itemCFG.py,confirmed-client-config
1349,青铜家族背景,profile-decoration,bg,false,,object/itemCFG.py,confirmed-client-config
1350,圆月糖泡,account-item,bomb,false,,object/itemCFG.py,confirmed-client-config
1351,冰凤凰,avatar-cosmetic,fpack,false,,object/itemCFG.py,confirmed-client-config
1354,UFO降落,avatar-cosmetic,thadorn,false,,object/itemCFG.py,confirmed-client-config
1358,飞天头盔发红光,avatar-cosmetic,cap,false,,object/itemCFG.py,confirmed-client-config
1361,伯兰克的飞翼,avatar-cosmetic,fpack,false,,object/itemCFG.py,confirmed-client-config
1362,伯兰克的糖勺,avatar-cosmetic,npack,false,,object/itemCFG.py,confirmed-client-config
1363,伯兰克的锅,avatar-cosmetic,cap,false,,object/itemCFG.py,confirmed-client-config
1364,小猪糖泡,account-item,bomb,false,,object/itemCFG.py,confirmed-client-config
1365,酷比糖泡,account-item,bomb,false,,object/itemCFG.py,confirmed-client-config
1368,周前十头冠,avatar-cosmetic,thadorn,false,,object/itemCFG.py,confirmed-client-config
1369,周冠军头冠,avatar-cosmetic,thadorn,false,,object/itemCFG.py,confirmed-client-config
1370,选手背景,profile-decoration,bg,false,,object/itemCFG.py,confirmed-client-config
1399,巡查专用背景,profile-decoration,bg,false,,object/itemCFG.py,confirmed-client-config
1406,皇宫背景,profile-decoration,bg,false,,object/itemCFG.py,confirmed-client-config
1407,皇帝宝座背景,profile-decoration,bg,false,,object/itemCFG.py,confirmed-client-config
1408,凤凰背景,profile-decoration,bg,false,,object/itemCFG.py,confirmed-client-config
1411,宫殿王城,profile-decoration,bg,false,,object/itemCFG.py,confirmed-client-config
1412,楼台小榭,profile-decoration,bg,false,,object/itemCFG.py,confirmed-client-config
1416,单身贵族,profile-decoration,bg,false,,object/itemCFG.py,confirmed-client-config
1417,凤之糖泡,account-item,bomb,false,,object/itemCFG.py,confirmed-client-config
1418,玫瑰糖泡,account-item,bomb,false,,object/itemCFG.py,confirmed-client-config
1419,皇后长袍,avatar-cosmetic,cladorn,false,,object/itemCFG.py,confirmed-client-config
1420,皇帝龙袍,avatar-cosmetic,cladorn,false,,object/itemCFG.py,confirmed-client-config
1423,贵妇装,avatar-cosmetic,cladorn,false,,object/itemCFG.py,confirmed-client-config
1424,大内侍卫,avatar-cosmetic,cladorn,false,,object/itemCFG.py,confirmed-client-config
1425,神龙护体,avatar-cosmetic,ear,false,,object/itemCFG.py,confirmed-client-config
1426,千军万马,profile-decoration,enter,false,,object/itemCFG.py,confirmed-client-config
1427,天降元宝,profile-decoration,enter,false,,object/itemCFG.py,confirmed-client-config
1428,金币脚印,account-item,footprint,false,,object/itemCFG.py,confirmed-client-config
1429,射手之箭,avatar-cosmetic,fpack,false,,object/itemCFG.py,confirmed-client-config
1430,黄金刀,avatar-cosmetic,fpack,false,,object/itemCFG.py,confirmed-client-config
1431,暗黑刀,avatar-cosmetic,fpack,false,,object/itemCFG.py,confirmed-client-config
1432,黄金遍地,profile-decoration,frame,false,,object/itemCFG.py,confirmed-client-config
1433,欲望之火,profile-decoration,frame,false,,object/itemCFG.py,confirmed-client-config
1434,皇上驾到,profile-decoration,frame,false,,object/itemCFG.py,confirmed-client-config
1435,菊花幻影,account-item,huanying,false,,object/itemCFG.py,confirmed-client-config
1436,金光幻影,account-item,huanying,false,,object/itemCFG.py,confirmed-client-config
1437,经典胡须,avatar-cosmetic,mouth,false,,object/itemCFG.py,confirmed-client-config
1440,黄金战士披风,avatar-cosmetic,npack,false,,object/itemCFG.py,confirmed-client-config
1441,暗黑战士披风,avatar-cosmetic,npack,false,,object/itemCFG.py,confirmed-client-config
1442,龙冠,avatar-cosmetic,eye,false,,object/itemCFG.py,confirmed-client-config
1443,黄金头饰,avatar-cosmetic,eye,false,,object/itemCFG.py,confirmed-client-config
1444,凤冠,avatar-cosmetic,eye,false,,object/itemCFG.py,confirmed-client-config
1445,龙之糖泡,account-item,bomb,false,,object/itemCFG.py,confirmed-client-config
1446,黄金头盔,avatar-cosmetic,cap,false,,object/itemCFG.py,confirmed-client-config
1447,王子帽,avatar-cosmetic,cap,false,,object/itemCFG.py,confirmed-client-config
1448,真龙天子,avatar-cosmetic,cap,false,,object/itemCFG.py,confirmed-client-config
1449,暗黑头盔,avatar-cosmetic,cap,false,,object/itemCFG.py,confirmed-client-config
1450,丫鬟头饰,avatar-cosmetic,cap,false,,object/itemCFG.py,confirmed-client-config
1451,黄金战士头盔,avatar-cosmetic,cap,false,,object/itemCFG.py,confirmed-client-config
1452,大内侍卫帽,avatar-cosmetic,cap,false,,object/itemCFG.py,confirmed-client-config
1453,黄金盔甲,avatar-cosmetic,cladorn,false,,object/itemCFG.py,confirmed-client-config
1455,王子服,avatar-cosmetic,cladorn,false,,object/itemCFG.py,confirmed-client-config
1456,尊龙背景,profile-decoration,bg,false,,object/itemCFG.py,confirmed-client-config
1459,2.0限量纪念版背景,profile-decoration,bg,false,,object/itemCFG.py,confirmed-client-config
1460,暗黑铠甲,avatar-cosmetic,cladorn,false,,object/itemCFG.py,confirmed-client-config
1464,圣诞糖泡,account-item,bomb,false,,object/itemCFG.py,confirmed-client-config
1465,圣诞雪橇,avatar-cosmetic,fpack,false,,object/itemCFG.py,confirmed-client-config
1466,圣诞铃铛,avatar-cosmetic,cap,false,,object/itemCFG.py,confirmed-client-config
1467,平安夜背景,profile-decoration,bg,false,,object/itemCFG.py,confirmed-client-config
1468,壁橱边的圣诞,profile-decoration,bg,false,,object/itemCFG.py,confirmed-client-config
1469,qq堂制作团队,profile-decoration,bg,false,,object/itemCFG.py,confirmed-client-config
1470,酷比全家福,profile-decoration,bg,false,,object/itemCFG.py,confirmed-client-config
1471,两周年纪念背景,profile-decoration,bg,false,,object/itemCFG.py,confirmed-client-config
1472,嘉年华头饰,avatar-cosmetic,cap,false,,object/itemCFG.py,confirmed-client-config
1473,qq头饰,avatar-cosmetic,cap,false,,object/itemCFG.py,confirmed-client-config
1474,雪人头饰,avatar-cosmetic,cap,false,,object/itemCFG.py,confirmed-client-config
1476,qq服饰,avatar-cosmetic,cladorn,false,,object/itemCFG.py,confirmed-client-config
1477,雪人套装,avatar-cosmetic,cladorn,false,,object/itemCFG.py,confirmed-client-config
1478,AE86,avatar-cosmetic,ear,false,,object/itemCFG.py,confirmed-client-config
1479,嘟嘟车,avatar-cosmetic,ear,false,,object/itemCFG.py,confirmed-client-config
1480,疯狂坦克,avatar-cosmetic,ear,false,,object/itemCFG.py,confirmed-client-config
1481,圣诞边框,profile-decoration,frame,false,,object/itemCFG.py,confirmed-client-config
1482,嘉年华边框,profile-decoration,frame,false,,object/itemCFG.py,confirmed-client-config
1483,两周年边框,profile-decoration,frame,false,,object/itemCFG.py,confirmed-client-config
1485,光辉盾牌,avatar-cosmetic,npack,false,,object/itemCFG.py,confirmed-client-config
1486,蛋糕糖泡,account-item,bomb,false,,object/itemCFG.py,confirmed-client-config
1487,圣诞精灵糖泡,account-item,bomb,false,,object/itemCFG.py,confirmed-client-config
1488,2周年纪念糖泡2,account-item,bomb,false,,object/itemCFG.py,confirmed-client-config
1489,2周年纪念糖泡1,account-item,bomb,false,,object/itemCFG.py,confirmed-client-config
1490,辉煌2周年,profile-decoration,enter,false,,object/itemCFG.py,confirmed-client-config
1496,魔法师泰比,profile-decoration,bg,false,,object/itemCFG.py,confirmed-client-config
1497,公主克莉丝,profile-decoration,bg,false,,object/itemCFG.py,confirmed-client-config
1498,精灵伊丹,profile-decoration,bg,false,,object/itemCFG.py,confirmed-client-config
1499,战士多吉,profile-decoration,bg,false,,object/itemCFG.py,confirmed-client-config
1501,屠龙英雄背景,profile-decoration,bg,false,,object/itemCFG.py,confirmed-client-config
1502,移民证,profile-decoration,bg,false,,object/itemCFG.py,confirmed-client-config
1503,魔法王国身份证,profile-decoration,bg,false,,object/itemCFG.py,confirmed-client-config
1504,自然王国身份证,profile-decoration,bg,false,,object/itemCFG.py,confirmed-client-config
1505,机械王国身份证,profile-decoration,bg,false,,object/itemCFG.py,confirmed-client-config
1527,杰王子,profile-decoration,bg,false,,object/itemCFG.py,confirmed-client-config
1528,怪物头罩,avatar-cosmetic,cap,false,,object/itemCFG.py,confirmed-client-config
1529,疾风头盔,avatar-cosmetic,cap,false,,object/itemCFG.py,confirmed-client-config
1530,狮王争霸,avatar-cosmetic,cap,false,,object/itemCFG.py,confirmed-client-config
1532,迷彩探险帽,avatar-cosmetic,cap,false,,object/itemCFG.py,confirmed-client-config
1533,波西尼亚风,avatar-cosmetic,cap,false,,object/itemCFG.py,confirmed-client-config
1534,猪宝宝发带,avatar-cosmetic,cap,false,,object/itemCFG.py,confirmed-client-config
1535,丘比特金发,avatar-cosmetic,cap,false,,object/itemCFG.py,confirmed-client-config
1536,心相印眼镜,avatar-cosmetic,mouth,false,,object/itemCFG.py,confirmed-client-config
1537,勇者荣耀头饰,avatar-cosmetic,eye,false,,object/itemCFG.py,confirmed-client-config
1538,神秘宝箱,avatar-cosmetic,thadorn,false,,object/itemCFG.py,confirmed-client-config
1539,爱神酷比精灵,avatar-cosmetic,thadorn,false,,object/itemCFG.py,confirmed-client-config
1540,精灵香蕉船,avatar-cosmetic,ear,false,,object/itemCFG.py,confirmed-client-config
1541,贺年披风,avatar-cosmetic,cladorn,false,,object/itemCFG.py,confirmed-client-config
1542,新年猪猪车,avatar-cosmetic,ear,false,,object/itemCFG.py,confirmed-client-config
1543,F1赛车,avatar-cosmetic,ear,false,,object/itemCFG.py,confirmed-client-config
1544,鸭丫服,avatar-cosmetic,cladorn,false,,object/itemCFG.py,confirmed-client-config
1545,喜庆小唐装,avatar-cosmetic,cladorn,false,,object/itemCFG.py,confirmed-client-config
1546,小猪酷挎包,avatar-cosmetic,cladorn,false,,object/itemCFG.py,confirmed-client-config
1547,玫瑰环绕,avatar-cosmetic,ear,false,,object/itemCFG.py,confirmed-client-config
1548,丘比特的神衣,avatar-cosmetic,cladorn,false,,object/itemCFG.py,confirmed-client-config
1549,幻魔法杖,avatar-cosmetic,npack,false,,object/itemCFG.py,confirmed-client-config
1550,猪头小气球,avatar-cosmetic,npack,false,,object/itemCFG.py,confirmed-client-config
1551,新春吉祥气球,avatar-cosmetic,npack,false,,object/itemCFG.py,confirmed-client-config
1553,小猪猪背包,avatar-cosmetic,npack,false,,object/itemCFG.py,confirmed-client-config
1554,月光宝剑,avatar-cosmetic,fpack,false,,object/itemCFG.py,confirmed-client-config
1555,镇魂狼牙棒,avatar-cosmetic,fpack,false,,object/itemCFG.py,confirmed-client-config
1556,冒险飞天仪,avatar-cosmetic,fpack,false,,object/itemCFG.py,confirmed-client-config
1557,钢铁翅膀,avatar-cosmetic,fpack,false,,object/itemCFG.py,confirmed-client-config
1558,狮王争霸披风,avatar-cosmetic,fpack,false,,object/itemCFG.py,confirmed-client-config
1559,丘比特神弓,avatar-cosmetic,fpack,false,,object/itemCFG.py,confirmed-client-config
1560,望尘莫及,account-item,huanying,false,,object/itemCFG.py,confirmed-client-config
1561,金猪储蓄罐,profile-decoration,bg,false,,object/itemCFG.py,confirmed-client-config
1562,新春鞭炮齐放,profile-decoration,bg,false,,object/itemCFG.py,confirmed-client-config
1564,傻傻的小飞猪,profile-decoration,frame,false,,object/itemCFG.py,confirmed-client-config
1565,双狮采青贺新春,profile-decoration,frame,false,,object/itemCFG.py,confirmed-client-config
1566,爱心玫瑰花环,profile-decoration,frame,false,,object/itemCFG.py,confirmed-client-config
1567,满地尽带小猪头,profile-decoration,enter,false,,object/itemCFG.py,confirmed-client-config
1568,迷彩糖泡,account-item,bomb,false,,object/itemCFG.py,confirmed-client-config
1569,福到糖泡,account-item,bomb,false,,object/itemCFG.py,confirmed-client-config
1570,青蛙王子糖泡,account-item,bomb,false,,object/itemCFG.py,confirmed-client-config
1571,水球糖泡,account-item,bomb,false,,object/itemCFG.py,confirmed-client-config
1572,年年有鱼糖泡,account-item,bomb,false,,object/itemCFG.py,confirmed-client-config
1573,恶作剧之吻,profile-decoration,bg,false,,object/itemCFG.py,confirmed-client-config
1576,情书碎片1,account-item,card,false,,object/itemCFG.py,confirmed-client-config
1577,情书碎片2,account-item,card,false,,object/itemCFG.py,confirmed-client-config
1578,情书碎片3,account-item,card,false,,object/itemCFG.py,confirmed-client-config
1579,情书碎片4,account-item,card,false,,object/itemCFG.py,confirmed-client-config
1580,情书碎片5,account-item,card,false,,object/itemCFG.py,confirmed-client-config
1581,情书碎片6,account-item,card,false,,object/itemCFG.py,confirmed-client-config
1582,未知的黑暗,profile-decoration,bg,false,,object/itemCFG.py,confirmed-client-config
1583,财神糖泡,account-item,bomb,false,,object/itemCFG.py,confirmed-client-config
1604,阿童木背景,profile-decoration,bg,false,,object/itemCFG.py,confirmed-client-config
1605,练成阵,profile-decoration,bg,false,,object/itemCFG.py,confirmed-client-config
1607,幽灵船,profile-decoration,bg,false,,object/itemCFG.py,confirmed-client-config
1608,宇宙战争,profile-decoration,bg,false,,object/itemCFG.py,confirmed-client-config
1610,那美克星球,profile-decoration,bg,false,,object/itemCFG.py,confirmed-client-config
1611,黑暗糖泡,account-item,bomb,false,,object/itemCFG.py,confirmed-client-config
1612,HARO糖泡,account-item,bomb,false,,object/itemCFG.py,confirmed-client-config
1613,卡通帽糖泡-男,account-item,bomb,false,,object/itemCFG.py,confirmed-client-config
1614,卡通帽糖泡-女,account-item,bomb,false,,object/itemCFG.py,confirmed-client-config
1615,一星龙珠,account-item,bomb,false,,object/itemCFG.py,confirmed-client-config
1616,二星龙珠,account-item,bomb,false,,object/itemCFG.py,confirmed-client-config
1617,三星龙珠,account-item,bomb,false,,object/itemCFG.py,confirmed-client-config
1618,四星龙珠,account-item,bomb,false,,object/itemCFG.py,confirmed-client-config
1619,五星龙珠,account-item,bomb,false,,object/itemCFG.py,confirmed-client-config
1620,六星龙珠,account-item,bomb,false,,object/itemCFG.py,confirmed-client-config
1621,七星龙珠,account-item,bomb,false,,object/itemCFG.py,confirmed-client-config
1622,蜡笔小新糖泡,account-item,bomb,false,,object/itemCFG.py,confirmed-client-config
1625,机械糖泡,account-item,bomb,false,,object/itemCFG.py,confirmed-client-config
1626,精密机甲盔,avatar-cosmetic,cap,false,,object/itemCFG.py,confirmed-client-config
1627,近卫防御盔,avatar-cosmetic,cap,false,,object/itemCFG.py,confirmed-client-config
1628,王之草帽,avatar-cosmetic,cap,false,,object/itemCFG.py,confirmed-client-config
1629,麋鹿角小红帽,avatar-cosmetic,cap,false,,object/itemCFG.py,confirmed-client-config
1630,猫公主帽,avatar-cosmetic,cap,false,,object/itemCFG.py,confirmed-client-config
1631,网球王子帽,avatar-cosmetic,cap,false,,object/itemCFG.py,confirmed-client-config
1632,机器猫头饰,avatar-cosmetic,cap,false,,object/itemCFG.py,confirmed-client-config
1634,反恐精英-上尉装,avatar-cosmetic,cap,false,,object/itemCFG.py,confirmed-client-config
1635,可爱米老鼠耳朵,avatar-cosmetic,cap,false,,object/itemCFG.py,confirmed-client-config
1636,可爱米老鼠,avatar-cosmetic,cap,false,,object/itemCFG.py,confirmed-client-config
1637,七龙珠人物帽,avatar-cosmetic,cap,false,,object/itemCFG.py,confirmed-client-config
1638,龙珠帽子,avatar-cosmetic,cap,false,,object/itemCFG.py,confirmed-client-config
1640,精密机甲铠,avatar-cosmetic,cladorn,false,,object/itemCFG.py,confirmed-client-config
1641,近卫防御铠,avatar-cosmetic,cladorn,false,,object/itemCFG.py,confirmed-client-config
1642,史莱姆的口袋,avatar-cosmetic,ear,false,,object/itemCFG.py,confirmed-client-config
1643,晓之袍,avatar-cosmetic,cladorn,false,,object/itemCFG.py,confirmed-client-config
1644,死神之衣,avatar-cosmetic,cladorn,false,,object/itemCFG.py,confirmed-client-config
1645,超能量战斗服,avatar-cosmetic,cladorn,false,,object/itemCFG.py,confirmed-client-config
1646,猫公主服,avatar-cosmetic,cladorn,false,,object/itemCFG.py,confirmed-client-config
1647,新撰组队服,avatar-cosmetic,cladorn,false,,object/itemCFG.py,confirmed-client-config
1648,真选组队服,avatar-cosmetic,cladorn,false,,object/itemCFG.py,confirmed-client-config
1649,网球王子装,avatar-cosmetic,cladorn,false,,object/itemCFG.py,confirmed-client-config
1650,雅典娜白纱裙,avatar-cosmetic,cladorn,false,,object/itemCFG.py,confirmed-client-config
1651,湘北队球衣,avatar-cosmetic,cladorn,false,,object/itemCFG.py,confirmed-client-config
1653,凌波丽的校服,avatar-cosmetic,cladorn,false,,object/itemCFG.py,confirmed-client-config
1654,我爱罗服装,avatar-cosmetic,cladorn,false,,object/itemCFG.py,confirmed-client-config
1655,七龙珠人物衣,avatar-cosmetic,cladorn,false,,object/itemCFG.py,confirmed-client-config
1657,反恐精英-上尉装,avatar-cosmetic,cladorn,false,,object/itemCFG.py,confirmed-client-config
1658,神龙入场,profile-decoration,enter,false,,object/itemCFG.py,confirmed-client-config
1659,陨石落下,profile-decoration,enter,false,,object/itemCFG.py,confirmed-client-config
1660,轮胎脚印,account-item,footprint,false,,object/itemCFG.py,confirmed-client-config
1661,近卫攻击斧,avatar-cosmetic,fpack,false,,object/itemCFG.py,confirmed-client-config
1663,小狐狸尾巴,avatar-cosmetic,fpack,false,,object/itemCFG.py,confirmed-client-config
1664,白天使翅膀,avatar-cosmetic,fpack,false,,object/itemCFG.py,confirmed-client-config
1665,米老鼠前景,profile-decoration,frame,false,,object/itemCFG.py,confirmed-client-config
1666,龙卷风,account-item,huanying,false,,object/itemCFG.py,confirmed-client-config
1667,阿童木面具,avatar-cosmetic,mouth,false,,object/itemCFG.py,confirmed-client-config
1668,蜡笔小新面具,avatar-cosmetic,mouth,false,,object/itemCFG.py,confirmed-client-config
1669,暗部面具,avatar-cosmetic,mouth,false,,object/itemCFG.py,confirmed-client-config
1670,精密机甲翼,avatar-cosmetic,npack,false,,object/itemCFG.py,confirmed-client-config
1671,网球王子球拍,avatar-cosmetic,npack,false,,object/itemCFG.py,confirmed-client-config
1672,斩魂刀,avatar-cosmetic,npack,false,,object/itemCFG.py,confirmed-client-config
1674,超级机器人,avatar-cosmetic,npack,false,,object/itemCFG.py,confirmed-client-config
1676,白羊座背景,profile-decoration,bg,false,,object/itemCFG.py,confirmed-client-config
1677,金牛座背景,profile-decoration,bg,false,,object/itemCFG.py,confirmed-client-config
1678,双子座背景,profile-decoration,bg,false,,object/itemCFG.py,confirmed-client-config
1679,天秤座背景,profile-decoration,bg,false,,object/itemCFG.py,confirmed-client-config
1680,天蝎座背景,profile-decoration,bg,false,,object/itemCFG.py,confirmed-client-config
1681,射手座背景,profile-decoration,bg,false,,object/itemCFG.py,confirmed-client-config
1682,巨蟹座背景,profile-decoration,bg,false,,object/itemCFG.py,confirmed-client-config
1683,狮子座背景,profile-decoration,bg,false,,object/itemCFG.py,confirmed-client-config
1684,处女座背景,profile-decoration,bg,false,,object/itemCFG.py,confirmed-client-config
1685,摩羯座背景,profile-decoration,bg,false,,object/itemCFG.py,confirmed-client-config
1686,水瓶座背景,profile-decoration,bg,false,,object/itemCFG.py,confirmed-client-config
1687,双鱼座背景,profile-decoration,bg,false,,object/itemCFG.py,confirmed-client-config
1688,蜘蛛侠黑暗化,profile-decoration,bg,false,,object/itemCFG.py,confirmed-client-config
1689,蜘蛛主题,profile-decoration,bg,false,,object/itemCFG.py,confirmed-client-config
1690,白羊座糖泡,account-item,bomb,false,,object/itemCFG.py,confirmed-client-config
1691,金牛座糖泡,account-item,bomb,false,,object/itemCFG.py,confirmed-client-config
1692,双子座糖泡,account-item,bomb,false,,object/itemCFG.py,confirmed-client-config
1693,巨蟹座糖泡,account-item,bomb,false,,object/itemCFG.py,confirmed-client-config
1694,狮子座糖泡,account-item,bomb,false,,object/itemCFG.py,confirmed-client-config
1695,处女座糖泡,account-item,bomb,false,,object/itemCFG.py,confirmed-client-config
1696,天秤座糖泡,account-item,bomb,false,,object/itemCFG.py,confirmed-client-config
1697,天蝎座糖泡,account-item,bomb,false,,object/itemCFG.py,confirmed-client-config
1698,射手座糖泡,account-item,bomb,false,,object/itemCFG.py,confirmed-client-config
1699,摩羯座糖泡,account-item,bomb,false,,object/itemCFG.py,confirmed-client-config
1700,水瓶座糖泡,account-item,bomb,false,,object/itemCFG.py,confirmed-client-config
1701,双鱼座糖泡,account-item,bomb,false,,object/itemCFG.py,confirmed-client-config
1702,王者至尊糖泡,account-item,bomb,false,,object/itemCFG.py,confirmed-client-config
1703,樱花糖泡,account-item,bomb,false,,object/itemCFG.py,confirmed-client-config
1704,土星糖泡,account-item,bomb,false,,object/itemCFG.py,confirmed-client-config
1705,群星糖泡,account-item,bomb,false,,object/itemCFG.py,confirmed-client-config
1706,蜘蛛侠糖泡,account-item,bomb,false,,object/itemCFG.py,confirmed-client-config
1707,毒液版蜘蛛糖泡,account-item,bomb,false,,object/itemCFG.py,confirmed-client-config
1708,白羊座黄金圣盔,avatar-cosmetic,cap,false,,object/itemCFG.py,confirmed-client-config
1709,处女座黄金圣盔,avatar-cosmetic,cap,false,,object/itemCFG.py,confirmed-client-config
1710,金牛座黄金圣盔,avatar-cosmetic,cap,false,,object/itemCFG.py,confirmed-client-config
1711,巨蟹座黄金圣盔,avatar-cosmetic,eye,false,,object/itemCFG.py,confirmed-client-config
1712,摩羯座黄金圣盔,avatar-cosmetic,eye,false,,object/itemCFG.py,confirmed-client-config
1713,射手座黄金圣盔,avatar-cosmetic,eye,false,,object/itemCFG.py,confirmed-client-config
1714,狮子座黄金圣盔,avatar-cosmetic,cap,false,,object/itemCFG.py,confirmed-client-config
1715,双鱼座黄金圣盔,avatar-cosmetic,cap,false,,object/itemCFG.py,confirmed-client-config
1716,双子座黄金圣盔,avatar-cosmetic,cap,false,,object/itemCFG.py,confirmed-client-config
1717,水瓶座黄金圣盔,avatar-cosmetic,eye,false,,object/itemCFG.py,confirmed-client-config
1718,天秤座黄金圣盔,avatar-cosmetic,cap,false,,object/itemCFG.py,confirmed-client-config
1719,天蝎座黄金圣盔,avatar-cosmetic,eye,false,,object/itemCFG.py,confirmed-client-config
1720,教皇头盔,avatar-cosmetic,cap,false,,object/itemCFG.py,confirmed-client-config
1721,白羊座卡通头,avatar-cosmetic,cap,false,,object/itemCFG.py,confirmed-client-config
1722,金牛座卡通头,avatar-cosmetic,cap,false,,object/itemCFG.py,confirmed-client-config
1723,巨蟹座卡通头,avatar-cosmetic,cap,false,,object/itemCFG.py,confirmed-client-config
1724,处女座卡通头,avatar-cosmetic,cap,false,,object/itemCFG.py,confirmed-client-config
1725,山羊座卡通头,avatar-cosmetic,cap,false,,object/itemCFG.py,confirmed-client-config
1726,射手座卡通头,avatar-cosmetic,cap,false,,object/itemCFG.py,confirmed-client-config
1727,狮子座卡通头,avatar-cosmetic,cap,false,,object/itemCFG.py,confirmed-client-config
1728,双子座卡通头,avatar-cosmetic,cap,false,,object/itemCFG.py,confirmed-client-config
1729,天蝎座卡通头,avatar-cosmetic,cap,false,,object/itemCFG.py,confirmed-client-config
1730,双鱼座卡通头,avatar-cosmetic,cap,false,,object/itemCFG.py,confirmed-client-config
1731,水瓶座卡通头,avatar-cosmetic,cap,false,,object/itemCFG.py,confirmed-client-config
1732,天秤座卡通头,avatar-cosmetic,cap,false,,object/itemCFG.py,confirmed-client-config
1733,星星套头,avatar-cosmetic,cap,false,,object/itemCFG.py,confirmed-client-config
1734,黑暗蜘蛛侠头套,avatar-cosmetic,cap,false,,object/itemCFG.py,confirmed-client-config
1735,白羊座黄金圣衣,avatar-cosmetic,cladorn,false,,object/itemCFG.py,confirmed-client-config
1736,处女座黄金圣衣,avatar-cosmetic,cladorn,false,,object/itemCFG.py,confirmed-client-config
1737,金牛座黄金圣衣,avatar-cosmetic,cladorn,false,,object/itemCFG.py,confirmed-client-config
1738,巨蟹座黄金圣衣,avatar-cosmetic,cladorn,false,,object/itemCFG.py,confirmed-client-config
1739,摩羯座黄金圣衣,avatar-cosmetic,cladorn,false,,object/itemCFG.py,confirmed-client-config
1740,射手座黄金圣衣,avatar-cosmetic,cladorn,false,,object/itemCFG.py,confirmed-client-config
1741,狮子座黄金圣衣,avatar-cosmetic,cladorn,false,,object/itemCFG.py,confirmed-client-config
1742,双鱼座黄金圣衣,avatar-cosmetic,cladorn,false,,object/itemCFG.py,confirmed-client-config
1743,双子座黄金圣衣,avatar-cosmetic,cladorn,false,,object/itemCFG.py,confirmed-client-config
1744,水瓶座黄金圣衣,avatar-cosmetic,cladorn,false,,object/itemCFG.py,confirmed-client-config
1745,天秤座黄金圣衣,avatar-cosmetic,cladorn,false,,object/itemCFG.py,confirmed-client-config
1746,天蝎座黄金圣衣,avatar-cosmetic,cladorn,false,,object/itemCFG.py,confirmed-client-config
1747,教皇袍,avatar-cosmetic,cladorn,false,,object/itemCFG.py,confirmed-client-config
1748,白羊座卡通服,avatar-cosmetic,cladorn,false,,object/itemCFG.py,confirmed-client-config
1751,处女座卡通服,avatar-cosmetic,cladorn,false,,object/itemCFG.py,confirmed-client-config
1752,山羊座卡通服,avatar-cosmetic,cladorn,false,,object/itemCFG.py,confirmed-client-config
1759,天秤座卡通服,avatar-cosmetic,cladorn,false,,object/itemCFG.py,confirmed-client-config
1760,正义蜘蛛侠衣服,avatar-cosmetic,cladorn,false,,object/itemCFG.py,confirmed-client-config
1761,黑暗蜘蛛侠衣服,avatar-cosmetic,cladorn,false,,object/itemCFG.py,confirmed-client-config
1762,飞天蜘蛛车,avatar-cosmetic,ear,false,,object/itemCFG.py,confirmed-client-config
1764,快乐的蜘蛛登场,profile-decoration,enter,false,,object/itemCFG.py,confirmed-client-config
1765,星月头冠,avatar-cosmetic,eye,false,,object/itemCFG.py,confirmed-client-config
1766,星座黄金战斧,avatar-cosmetic,fpack,false,,object/itemCFG.py,confirmed-client-config
1767,占星术水晶球,avatar-cosmetic,fpack,false,,object/itemCFG.py,confirmed-client-config
1768,章鱼博士触角,avatar-cosmetic,fpack,false,,object/itemCFG.py,confirmed-client-config
1770,雷暴之夜,profile-decoration,frame,false,,object/itemCFG.py,confirmed-client-config
1771,章鱼博士的黑超,avatar-cosmetic,mouth,false,,object/itemCFG.py,confirmed-client-config
1773,蜘蛛披风,avatar-cosmetic,npack,false,,object/itemCFG.py,confirmed-client-config
1774,白羊座圣衣披风,avatar-cosmetic,npack,false,,object/itemCFG.py,confirmed-client-config
1775,金牛座圣衣披风,avatar-cosmetic,npack,false,,object/itemCFG.py,confirmed-client-config
1776,处女座圣衣披风,avatar-cosmetic,npack,false,,object/itemCFG.py,confirmed-client-config
1777,山羊座圣衣披风,avatar-cosmetic,npack,false,,object/itemCFG.py,confirmed-client-config
1778,巨蟹座圣衣披风,avatar-cosmetic,npack,false,,object/itemCFG.py,confirmed-client-config
1779,狮子座圣衣披风,avatar-cosmetic,npack,false,,object/itemCFG.py,confirmed-client-config
1780,双子座圣衣披风,avatar-cosmetic,npack,false,,object/itemCFG.py,confirmed-client-config
1781,天蝎座圣衣披风,avatar-cosmetic,npack,false,,object/itemCFG.py,confirmed-client-config
1782,双鱼座圣衣披风,avatar-cosmetic,npack,false,,object/itemCFG.py,confirmed-client-config
1783,水瓶座圣衣披风,avatar-cosmetic,npack,false,,object/itemCFG.py,confirmed-client-config
1784,天秤座圣衣披风,avatar-cosmetic,npack,false,,object/itemCFG.py,confirmed-client-config
1785,射手座圣衣翅膀,avatar-cosmetic,npack,false,,object/itemCFG.py,confirmed-client-config
1800,酷比宝石,account-item,kubi,false,,object/itemCFG.py,confirmed-client-config
1826,羽林禁卫衣,avatar-cosmetic,cladorn,false,,object/itemCFG.py,confirmed-client-config
1827,骁骑督卫服,avatar-cosmetic,cladorn,false,,object/itemCFG.py,confirmed-client-config
1828,冥袭浸血铠,avatar-cosmetic,cladorn,false,,object/itemCFG.py,confirmed-client-config
1829,影羽虎贲甲,avatar-cosmetic,cladorn,false,,object/itemCFG.py,confirmed-client-config
1830,太御龙鳞袍,avatar-cosmetic,cladorn,false,,object/itemCFG.py,confirmed-client-config
1831,乐肤洁背景,profile-decoration,bg,false,,object/itemCFG.py,confirmed-client-config
1832,乐肤洁边框,profile-decoration,frame,false,,object/itemCFG.py,confirmed-client-config
1833,掌上脆玄冠,avatar-cosmetic,cap,false,,object/itemCFG.py,confirmed-client-config
1834,魔冠,avatar-cosmetic,cap,false,,object/itemCFG.py,confirmed-client-config
1835,魔斗士面具,avatar-cosmetic,mouth,false,,object/itemCFG.py,confirmed-client-config
1836,法咒师面具,avatar-cosmetic,mouth,false,,object/itemCFG.py,confirmed-client-config
1837,仙乐师面具,avatar-cosmetic,mouth,false,,object/itemCFG.py,confirmed-client-config
1838,许愿精灵面具,avatar-cosmetic,mouth,false,,object/itemCFG.py,confirmed-client-config
1839,圣武士面具,avatar-cosmetic,mouth,false,,object/itemCFG.py,confirmed-client-config
1840,千里眼,avatar-cosmetic,mouth,false,,object/itemCFG.py,confirmed-client-config
1841,魔力缤纷,profile-decoration,bg,false,,object/itemCFG.py,confirmed-client-config
1842,天外来客,profile-decoration,bg,false,,object/itemCFG.py,confirmed-client-config
1843,魔幻喷粉糖泡,account-item,bomb,false,,object/itemCFG.py,confirmed-client-config
1844,魔法士幻影,account-item,huanying,false,,object/itemCFG.py,confirmed-client-config
1845,结婚专用背景-左,profile-decoration,bg,false,,object/itemCFG.py,confirmed-client-config
1846,结婚专用背景-右,profile-decoration,bg,false,,object/itemCFG.py,confirmed-client-config
1847,结婚专用男礼服,avatar-cosmetic,cladorn,false,,object/itemCFG.py,confirmed-client-config
1848,结婚专用女礼服,avatar-cosmetic,cladorn,false,,object/itemCFG.py,confirmed-client-config
1849,结婚专用男礼帽,avatar-cosmetic,cap,false,,object/itemCFG.py,confirmed-client-config
1850,结婚专用女凤冠,avatar-cosmetic,cap,false,,object/itemCFG.py,confirmed-client-config
1863,六翼天使翅膀,avatar-cosmetic,fpack,false,,object/itemCFG.py,confirmed-client-config
1865,嘻哈背景系列1,profile-decoration,bg,false,,object/itemCFG.py,confirmed-client-config
1866,QQ堂HIPHOP背景,profile-decoration,bg,false,,object/itemCFG.py,confirmed-client-config
1867,嘻哈背景系列3,profile-decoration,bg,false,,object/itemCFG.py,confirmed-client-config
1868,嘻哈背景系列2,profile-decoration,bg,false,,object/itemCFG.py,confirmed-client-config
1869,流星糖泡,account-item,bomb,false,,object/itemCFG.py,confirmed-client-config
1870,嘻哈Monkey糖泡,account-item,bomb,false,,object/itemCFG.py,confirmed-client-config
1871,街头小子糖泡,account-item,bomb,false,,object/itemCFG.py,confirmed-client-config
1872,街头篮球糖泡,account-item,bomb,false,,object/itemCFG.py,confirmed-client-config
1875,非主流太阳帽,avatar-cosmetic,cap,false,,object/itemCFG.py,confirmed-client-config
1876,带头巾的鸭舌帽,avatar-cosmetic,cap,false,,object/itemCFG.py,confirmed-client-config
1877,HIPHOP时尚帽,avatar-cosmetic,cap,false,,object/itemCFG.py,confirmed-client-config
1878,非洲奔放卷发型,avatar-cosmetic,cap,false,,object/itemCFG.py,confirmed-client-config
1879,HIP-HOP头巾,avatar-cosmetic,cap,false,,object/itemCFG.py,confirmed-client-config
1880,HIP-HOP街边发型,avatar-cosmetic,cap,false,,object/itemCFG.py,confirmed-client-config
1881,Hip-Hop情侣发型-男,avatar-cosmetic,cap,false,,object/itemCFG.py,confirmed-client-config
1882,Hip-Hop情侣发型-女,avatar-cosmetic,cap,false,,object/itemCFG.py,confirmed-client-config
1883,帽子后带,avatar-cosmetic,cap,false,,object/itemCFG.py,confirmed-client-config
1884,Hip-Hop音乐听筒,avatar-cosmetic,cap,false,,object/itemCFG.py,confirmed-client-config
1885,Hip-Hop复古帽,avatar-cosmetic,cap,false,,object/itemCFG.py,confirmed-client-config
1886,酷比货车帽-男,avatar-cosmetic,cap,false,,object/itemCFG.py,confirmed-client-config
1887,酷比货车帽-女,avatar-cosmetic,cap,false,,object/itemCFG.py,confirmed-client-config
1888,嘻哈小金发,avatar-cosmetic,cap,false,,object/itemCFG.py,confirmed-client-config
1891,HIPHOP时尚装,avatar-cosmetic,cladorn,false,,object/itemCFG.py,confirmed-client-config
1892,条文吊带裙,avatar-cosmetic,cladorn,false,,object/itemCFG.py,confirmed-client-config
1893,朋克女装,avatar-cosmetic,cladorn,false,,object/itemCFG.py,confirmed-client-config
1894,带领带的毛衣,avatar-cosmetic,cladorn,false,,object/itemCFG.py,confirmed-client-config
1895,嘻哈街舞装,avatar-cosmetic,cladorn,false,,object/itemCFG.py,confirmed-client-config
1896,魔法印入场,profile-decoration,enter,false,,object/itemCFG.py,confirmed-client-config
1897,星之尘,profile-decoration,enter,false,,object/itemCFG.py,confirmed-client-config
1898,HIPHOP跳舞者,profile-decoration,enter,false,,object/itemCFG.py,confirmed-client-config
1899,HIP-HOP护目镜,avatar-cosmetic,eye,false,,object/itemCFG.py,confirmed-client-config
1900,音符脚印,account-item,footprint,false,,object/itemCFG.py,confirmed-client-config
1901,六轮星印,account-item,footprint,false,,object/itemCFG.py,confirmed-client-config
1902,全宇宙星座图,avatar-cosmetic,fpack,false,,object/itemCFG.py,confirmed-client-config
1903,小宇宙旋涡,avatar-cosmetic,fpack,false,,object/itemCFG.py,confirmed-client-config
1904,黑暗翅膀,avatar-cosmetic,fpack,false,,object/itemCFG.py,confirmed-client-config
1905,涂鸦喷漆,avatar-cosmetic,fpack,false,,object/itemCFG.py,confirmed-client-config
1908,群星幻影,account-item,huanying,false,,object/itemCFG.py,confirmed-client-config
1909,星座梦幻幻影1,account-item,huanying,false,,object/itemCFG.py,confirmed-client-config
1910,星座梦幻幻影2,account-item,huanying,false,,object/itemCFG.py,confirmed-client-config
1911,蜘蛛幻影,account-item,huanying,false,,object/itemCFG.py,confirmed-client-config
1912,神兽之角,avatar-cosmetic,mouth,false,,object/itemCFG.py,confirmed-client-config
1913,拽拽香烟,avatar-cosmetic,mouth,false,,object/itemCFG.py,confirmed-client-config
1914,嘻哈表情面具,avatar-cosmetic,mouth,false,,object/itemCFG.py,confirmed-client-config
1915,HIP-HOP潮流眼镜,avatar-cosmetic,mouth,false,,object/itemCFG.py,confirmed-client-config
1916,Hip-Hop复古墨镜,avatar-cosmetic,mouth,false,,object/itemCFG.py,confirmed-client-config
1917,嘻哈滑板-绿,avatar-cosmetic,npack,false,,object/itemCFG.py,confirmed-client-config
1918,嘻哈滑板-黑,avatar-cosmetic,npack,false,,object/itemCFG.py,confirmed-client-config
1920,流行电吉它-红,avatar-cosmetic,npack,false,,object/itemCFG.py,confirmed-client-config
1921,流行电吉它-黑,avatar-cosmetic,npack,false,,object/itemCFG.py,confirmed-client-config
1923,牧师头饰,avatar-cosmetic,cap,false,,object/itemCFG.py,confirmed-client-config
1924,一箭穿心,avatar-cosmetic,cap,false,,object/itemCFG.py,confirmed-client-config
1925,校服裙摆套装,avatar-cosmetic,cap,false,,object/itemCFG.py,confirmed-client-config
1926,青春校园女生,avatar-cosmetic,cap,false,,object/itemCFG.py,confirmed-client-config
1927,西式结婚礼服-女,avatar-cosmetic,cap,false,,object/itemCFG.py,confirmed-client-config
1928,西式结婚礼服-男,avatar-cosmetic,cap,false,,object/itemCFG.py,confirmed-client-config
1929,玉女发式,avatar-cosmetic,cap,false,,object/itemCFG.py,confirmed-client-config
1930,金童头饰,avatar-cosmetic,cap,false,,object/itemCFG.py,confirmed-client-config
1931,情人伞,avatar-cosmetic,cap,false,,object/itemCFG.py,confirmed-client-config
1932,滇南情侣帽-男,avatar-cosmetic,cap,false,,object/itemCFG.py,confirmed-client-config
1933,滇南情侣帽-女,avatar-cosmetic,cap,false,,object/itemCFG.py,confirmed-client-config
1934,情侣兔子粉色头套,avatar-cosmetic,cap,false,,object/itemCFG.py,confirmed-client-config
1935,心之冠,avatar-cosmetic,cap,false,,object/itemCFG.py,confirmed-client-config
1937,心情咖啡,avatar-cosmetic,cap,false,,object/itemCFG.py,confirmed-client-config
1938,牧师服,avatar-cosmetic,cladorn,false,,object/itemCFG.py,confirmed-client-config
1939,爱心天使装,avatar-cosmetic,cladorn,false,,object/itemCFG.py,confirmed-client-config
1941,青春女生时装,avatar-cosmetic,cladorn,false,,object/itemCFG.py,confirmed-client-config
1942,校服领带,avatar-cosmetic,mouth,false,,object/itemCFG.py,confirmed-client-config
1943,情人领结,avatar-cosmetic,mouth,false,,object/itemCFG.py,confirmed-client-config
1944,结婚花车,avatar-cosmetic,ear,false,,object/itemCFG.py,confirmed-client-config
1945,西式结婚礼服-女,avatar-cosmetic,cladorn,false,,object/itemCFG.py,confirmed-client-config
1946,西式结婚礼服-男,avatar-cosmetic,cladorn,false,,object/itemCFG.py,confirmed-client-config
1947,玉女服,avatar-cosmetic,cladorn,false,,object/itemCFG.py,confirmed-client-config
1948,金童服,avatar-cosmetic,cladorn,false,,object/itemCFG.py,confirmed-client-config
1949,日式情侣装-男,avatar-cosmetic,cladorn,false,,object/itemCFG.py,confirmed-client-config
1950,日式情侣装-女,avatar-cosmetic,cladorn,false,,object/itemCFG.py,confirmed-client-config
1951,滇南情侣装-男,avatar-cosmetic,cladorn,false,,object/itemCFG.py,confirmed-client-config
1952,滇南情侣装-女,avatar-cosmetic,cladorn,false,,object/itemCFG.py,confirmed-client-config
1953,kiss me,profile-decoration,bg,false,,object/itemCFG.py,confirmed-client-config
1954,love me,profile-decoration,bg,false,,object/itemCFG.py,confirmed-client-config
1955,心心相印-左,profile-decoration,bg,false,,object/itemCFG.py,confirmed-client-config
1956,示爱专用背景,profile-decoration,bg,false,,object/itemCFG.py,confirmed-client-config
1957,心心如幢,profile-decoration,bg,false,,object/itemCFG.py,confirmed-client-config
1958,心晴夜空,profile-decoration,bg,false,,object/itemCFG.py,confirmed-client-config
1959,同心树,profile-decoration,bg,false,,object/itemCFG.py,confirmed-client-config
1960,爱情祈运袋,profile-decoration,bg,false,,object/itemCFG.py,confirmed-client-config
1961,酷比爱你,profile-decoration,bg,false,,object/itemCFG.py,confirmed-client-config
1962,牵手,profile-decoration,bg,false,,object/itemCFG.py,confirmed-client-config
1963,绣球糖泡,account-item,bomb,false,,object/itemCFG.py,confirmed-client-config
1964,情侶糖泡─恶魔,account-item,bomb,false,,object/itemCFG.py,confirmed-client-config
1965,情侶糖泡─天使,account-item,bomb,false,,object/itemCFG.py,confirmed-client-config
1966,爱神糖泡,account-item,bomb,false,,object/itemCFG.py,confirmed-client-config
1967,蝴蝶结糖泡,account-item,bomb,false,,object/itemCFG.py,confirmed-client-config
1968,爱心果冻糖泡,account-item,bomb,false,,object/itemCFG.py,confirmed-client-config
1969,水晶苹果糖泡,account-item,bomb,false,,object/itemCFG.py,confirmed-client-config
1970,幸福流心雨,profile-decoration,enter,false,,object/itemCFG.py,confirmed-client-config
1971,Kiss,profile-decoration,enter,false,,object/itemCFG.py,confirmed-client-config
1972,情侣倾心头饰-女,avatar-cosmetic,eye,false,,object/itemCFG.py,confirmed-client-config
1973,情侣倾心头饰-男,avatar-cosmetic,eye,false,,object/itemCFG.py,confirmed-client-config
1974,情人结,avatar-cosmetic,fpack,false,,object/itemCFG.py,confirmed-client-config
1977,玫瑰束语,avatar-cosmetic,fpack,false,,object/itemCFG.py,confirmed-client-config
1978,情人玫瑰,avatar-cosmetic,fpack,false,,object/itemCFG.py,confirmed-client-config
1979,青翼红心,avatar-cosmetic,fpack,false,,object/itemCFG.py,confirmed-client-config
1980,比翼,avatar-cosmetic,fpack,false,,object/itemCFG.py,confirmed-client-config
1981,梦化之蝶,avatar-cosmetic,fpack,false,,object/itemCFG.py,confirmed-client-config
1982,情比金坚情侣边框,profile-decoration,frame,false,,object/itemCFG.py,confirmed-client-config
1983,山盟海誓情侣边框,profile-decoration,frame,false,,object/itemCFG.py,confirmed-client-config
1984,爱情魔镜,profile-decoration,frame,false,,object/itemCFG.py,confirmed-client-config
1985,爱情之火,profile-decoration,frame,false,,object/itemCFG.py,confirmed-client-config
1986,爱情花,profile-decoration,frame,false,,object/itemCFG.py,confirmed-client-config
1987,心帘,profile-decoration,frame,false,,object/itemCFG.py,confirmed-client-config
1988,爱情礼物,profile-decoration,frame,false,,object/itemCFG.py,confirmed-client-config
1989,蝶舞飞仙,account-item,huanying,false,,object/itemCFG.py,confirmed-client-config
1990,飞扬的主旋律,account-item,huanying,false,,object/itemCFG.py,confirmed-client-config
1991,星光灿烂,account-item,huanying,false,,object/itemCFG.py,confirmed-client-config
1993,恶魔尾巴,avatar-cosmetic,npack,false,,object/itemCFG.py,confirmed-client-config
1994,情人心棒棒糖,avatar-cosmetic,npack,false,,object/itemCFG.py,confirmed-client-config
1995,黑色情戒,avatar-cosmetic,npack,false,,object/itemCFG.py,confirmed-client-config
1996,接吻口红,avatar-cosmetic,npack,false,,object/itemCFG.py,confirmed-client-config
1997,心之密钥,avatar-cosmetic,npack,false,,object/itemCFG.py,confirmed-client-config
1998,爱情沙漏,avatar-cosmetic,npack,false,,object/itemCFG.py,confirmed-client-config
1999,爱心小翅膀,avatar-cosmetic,npack,false,,object/itemCFG.py,confirmed-client-config
2000,心愿,avatar-cosmetic,thadorn,false,,object/itemCFG.py,confirmed-client-config
2001,挚爱之焰,avatar-cosmetic,thadorn,false,,object/itemCFG.py,confirmed-client-config
2002,英雄背景,profile-decoration,bg,false,,object/itemCFG.py,confirmed-client-config
2003,骑士背景,profile-decoration,bg,false,,object/itemCFG.py,confirmed-client-config
2004,心心相印-右,profile-decoration,bg,false,,object/itemCFG.py,confirmed-client-config
2005,朱雀翅膀,avatar-cosmetic,fpack,false,,object/itemCFG.py,confirmed-client-config
2006,紫凤凰,avatar-cosmetic,fpack,false,,object/itemCFG.py,confirmed-client-config
2007,冰焰糖泡,account-item,bomb,false,,object/itemCFG.py,confirmed-client-config
2015,流光糖泡,account-item,bomb,false,,object/itemCFG.py,confirmed-client-config
2016,流光甲,avatar-cosmetic,ear,false,,object/itemCFG.py,confirmed-client-config
2017,流光甲,avatar-cosmetic,ear,false,,object/itemCFG.py,confirmed-client-config
2018,流光剑,avatar-cosmetic,fpack,false,,object/itemCFG.py,confirmed-client-config
2019,流光镜,avatar-cosmetic,mouth,false,,object/itemCFG.py,confirmed-client-config
2020,白族吉祥头饰,avatar-cosmetic,cap,false,,object/itemCFG.py,confirmed-client-config
2028,基诺族特色头饰,avatar-cosmetic,cap,false,,object/itemCFG.py,confirmed-client-config
2030,水族特色头饰,avatar-cosmetic,cap,false,,object/itemCFG.py,confirmed-client-config
2037,哈尼族特色帽,avatar-cosmetic,cap,false,,object/itemCFG.py,confirmed-client-config
2040,祥云,avatar-cosmetic,cap,false,,object/itemCFG.py,confirmed-client-config
2041,萨满面具,avatar-cosmetic,mouth,false,,object/itemCFG.py,confirmed-client-config
2042,中华魂脸谱1,avatar-cosmetic,mouth,false,,object/itemCFG.py,confirmed-client-config
2043,中华魂脸谱2,avatar-cosmetic,mouth,false,,object/itemCFG.py,confirmed-client-config
2044,中华魂脸谱3,avatar-cosmetic,mouth,false,,object/itemCFG.py,confirmed-client-config
2045,傣族泼水盆,avatar-cosmetic,thadorn,false,,object/itemCFG.py,confirmed-client-config
2046,中华魂脸谱4,avatar-cosmetic,mouth,false,,object/itemCFG.py,confirmed-client-config
2048,白族特色服饰,avatar-cosmetic,cladorn,false,,object/itemCFG.py,confirmed-client-config
2049,苗族特色服饰,avatar-cosmetic,cladorn,false,,object/itemCFG.py,confirmed-client-config
2051,朝鲜族特色服饰,avatar-cosmetic,cladorn,false,,object/itemCFG.py,confirmed-client-config
2054,门巴族特色服饰,avatar-cosmetic,cladorn,false,,object/itemCFG.py,confirmed-client-config
2058,水族特色服饰,avatar-cosmetic,cladorn,false,,object/itemCFG.py,confirmed-client-config
2065,牦牛车,avatar-cosmetic,ear,false,,object/itemCFG.py,confirmed-client-config
2066,红色法拉利,avatar-cosmetic,ear,false,,object/itemCFG.py,confirmed-client-config
2067,中山装,avatar-cosmetic,cladorn,false,,object/itemCFG.py,confirmed-client-config
2068,民国学生装,avatar-cosmetic,cladorn,false,,object/itemCFG.py,confirmed-client-config
2069,朝鲜鼓,avatar-cosmetic,npack,false,,object/itemCFG.py,confirmed-client-config
2071,娃娃背袋,avatar-cosmetic,npack,false,,object/itemCFG.py,confirmed-client-config
2075,秃鹫翅膀,avatar-cosmetic,fpack,false,,object/itemCFG.py,confirmed-client-config
2077,兰蝶翅膀,avatar-cosmetic,fpack,false,,object/itemCFG.py,confirmed-client-config
2078,彩凤灵翅,avatar-cosmetic,fpack,false,,object/itemCFG.py,confirmed-client-config
2080,蒙古包,profile-decoration,bg,false,,object/itemCFG.py,confirmed-client-config
2081,苗寨侗乡,profile-decoration,bg,false,,object/itemCFG.py,confirmed-client-config
2082,侗寨鼓楼,profile-decoration,bg,false,,object/itemCFG.py,confirmed-client-config
2083,西双版纳,profile-decoration,bg,false,,object/itemCFG.py,confirmed-client-config
2084,阴阳鱼,profile-decoration,bg,false,,object/itemCFG.py,confirmed-client-config
2085,龙图腾,profile-decoration,bg,false,,object/itemCFG.py,confirmed-client-config
2086,万里长城,profile-decoration,bg,false,,object/itemCFG.py,confirmed-client-config
2087,黄金稻田,profile-decoration,bg,false,,object/itemCFG.py,confirmed-client-config
2088,少数民族图腾,profile-decoration,frame,false,,object/itemCFG.py,confirmed-client-config
2089,祥云环绕,profile-decoration,frame,false,,object/itemCFG.py,confirmed-client-config
2090,红旗飘飘,profile-decoration,enter,false,,object/itemCFG.py,confirmed-client-config
2091,左右门神,profile-decoration,enter,false,,object/itemCFG.py,confirmed-client-config
2092,哈密瓜糖泡,account-item,bomb,false,,object/itemCFG.py,confirmed-client-config
2093,珍珠糖泡,account-item,bomb,false,,object/itemCFG.py,confirmed-client-config
2094,中华龙糖泡,account-item,bomb,false,,object/itemCFG.py,confirmed-client-config
2095,彩球糖泡,account-item,bomb,false,,object/itemCFG.py,confirmed-client-config
2096,东巴糖泡,account-item,bomb,false,,object/itemCFG.py,confirmed-client-config
2097,祥云糖泡,account-item,bomb,false,,object/itemCFG.py,confirmed-client-config
2098,雪莲花幻影,account-item,huanying,false,,object/itemCFG.py,confirmed-client-config
2099,蝴蝶结幻影,account-item,huanying,false,,object/itemCFG.py,confirmed-client-config
2100,大中华幻影,account-item,huanying,false,,object/itemCFG.py,confirmed-client-config
2101,精灵幻影,account-item,huanying,false,,object/itemCFG.py,confirmed-client-config
2103,哈尼族特色服饰,avatar-cosmetic,cladorn,false,,object/itemCFG.py,confirmed-client-config
2105,游龙剑,avatar-cosmetic,npack,false,,object/itemCFG.py,confirmed-client-config
2106,青干剑,avatar-cosmetic,npack,false,,object/itemCFG.py,confirmed-client-config
2107,莫问剑,avatar-cosmetic,npack,false,,object/itemCFG.py,confirmed-client-config
2108,日月剑,avatar-cosmetic,npack,false,,object/itemCFG.py,confirmed-client-config
2109,竞星剑,avatar-cosmetic,npack,false,,object/itemCFG.py,confirmed-client-config
2110,天瀑剑,avatar-cosmetic,npack,false,,object/itemCFG.py,confirmed-client-config
2111,舍神剑,avatar-cosmetic,npack,false,,object/itemCFG.py,confirmed-client-config
2122,白虎头盔,avatar-cosmetic,cap,false,,object/itemCFG.py,confirmed-client-config
2123,青龙头盔,avatar-cosmetic,cap,false,,object/itemCFG.py,confirmed-client-config
2124,邋遢大王专用道具,avatar-cosmetic,cap,false,,object/itemCFG.py,confirmed-client-config
2126,大灰狼帽,avatar-cosmetic,cap,false,,object/itemCFG.py,confirmed-client-config
2127,小红帽头饰,avatar-cosmetic,cap,false,,object/itemCFG.py,confirmed-client-config
2128,白马王子帽,avatar-cosmetic,cap,false,,object/itemCFG.py,confirmed-client-config
2129,白雪公主帽,avatar-cosmetic,cap,false,,object/itemCFG.py,confirmed-client-config
2130,人鱼公主帽,avatar-cosmetic,cap,false,,object/itemCFG.py,confirmed-client-config
2134,伯爵后裔头冠,avatar-cosmetic,cap,false,,object/itemCFG.py,confirmed-client-config
2135,维多利亚公主发,avatar-cosmetic,cap,false,,object/itemCFG.py,confirmed-client-config
2136,粉色心型发带,avatar-cosmetic,cap,false,,object/itemCFG.py,confirmed-client-config
2138,熊猫头,avatar-cosmetic,cap,false,,object/itemCFG.py,confirmed-client-config
2139,骑士头盔,avatar-cosmetic,cap,false,,object/itemCFG.py,confirmed-client-config
2140,蓝精灵头饰,avatar-cosmetic,cap,false,,object/itemCFG.py,confirmed-client-config
2141,小红帽,avatar-cosmetic,cap,false,,object/itemCFG.py,confirmed-client-config
2142,暗夜巫师帽,avatar-cosmetic,cap,false,,object/itemCFG.py,confirmed-client-config
2143,粉色透明心型眼镜,avatar-cosmetic,mouth,false,,object/itemCFG.py,confirmed-client-config
2144,骷髅口罩,avatar-cosmetic,mouth,false,,object/itemCFG.py,confirmed-client-config
2145,医生口罩,avatar-cosmetic,mouth,false,,object/itemCFG.py,confirmed-client-config
2146,棒棒糖,avatar-cosmetic,mouth,false,,object/itemCFG.py,confirmed-client-config
2147,公主头冠,avatar-cosmetic,eye,false,,object/itemCFG.py,confirmed-client-config
2148,青龙铠甲,avatar-cosmetic,cladorn,false,,object/itemCFG.py,confirmed-client-config
2149,童话嘟嘟车,avatar-cosmetic,ear,false,,object/itemCFG.py,confirmed-client-config
2150,小红帽服装,avatar-cosmetic,cladorn,false,,object/itemCFG.py,confirmed-client-config
2151,白马王子衣,avatar-cosmetic,cladorn,false,,object/itemCFG.py,confirmed-client-config
2152,白雪公主衣,avatar-cosmetic,cladorn,false,,object/itemCFG.py,confirmed-client-config
2153,人鱼公主服,avatar-cosmetic,cladorn,false,,object/itemCFG.py,confirmed-client-config
2154,冰雪女王服,avatar-cosmetic,cladorn,false,,object/itemCFG.py,confirmed-client-config
2155,V字装,avatar-cosmetic,cladorn,false,,object/itemCFG.py,confirmed-client-config
2156,粉色洋装,avatar-cosmetic,cladorn,false,,object/itemCFG.py,confirmed-client-config
2157,皇族战袍,avatar-cosmetic,cladorn,false,,object/itemCFG.py,confirmed-client-config
2158,维多利亚公主服,avatar-cosmetic,cladorn,false,,object/itemCFG.py,confirmed-client-config
2159,熊猫衣,avatar-cosmetic,cladorn,false,,object/itemCFG.py,confirmed-client-config
2160,公主服,avatar-cosmetic,cladorn,false,,object/itemCFG.py,confirmed-client-config
2161,蓝精灵服,avatar-cosmetic,cladorn,false,,object/itemCFG.py,confirmed-client-config
2162,暗夜巫师服,avatar-cosmetic,cladorn,false,,object/itemCFG.py,confirmed-client-config
2163,mini南瓜车,avatar-cosmetic,ear,false,,object/itemCFG.py,confirmed-client-config
2166,神奇诅咒娃娃,avatar-cosmetic,npack,false,,object/itemCFG.py,confirmed-client-config
2167,大灰狼尾巴,avatar-cosmetic,npack,false,,object/itemCFG.py,confirmed-client-config
2168,白马王子披风,avatar-cosmetic,npack,false,,object/itemCFG.py,confirmed-client-config
2170,甜甜仙女棒,avatar-cosmetic,npack,false,,object/itemCFG.py,confirmed-client-config
2171,暗夜披风,avatar-cosmetic,npack,false,,object/itemCFG.py,confirmed-client-config
2172,死神镰刀,avatar-cosmetic,fpack,false,,object/itemCFG.py,confirmed-client-config
2173,魔镜,avatar-cosmetic,fpack,false,,object/itemCFG.py,confirmed-client-config
2175,暗夜翅膀,avatar-cosmetic,fpack,false,,object/itemCFG.py,confirmed-client-config
2176,神灵翅膀,avatar-cosmetic,fpack,false,,object/itemCFG.py,confirmed-client-config
2177,幻彩铅笔,profile-decoration,bg,false,,object/itemCFG.py,confirmed-client-config
2178,篮球场,profile-decoration,bg,false,,object/itemCFG.py,confirmed-client-config
2179,雪山奇遇,profile-decoration,bg,false,,object/itemCFG.py,confirmed-client-config
2180,人鱼宫殿,profile-decoration,bg,false,,object/itemCFG.py,confirmed-client-config
2181,糖果屋子,profile-decoration,bg,false,,object/itemCFG.py,confirmed-client-config
2182,南瓜水晶马车,profile-decoration,bg,false,,object/itemCFG.py,confirmed-client-config
2183,蓝精灵庄园,profile-decoration,bg,false,,object/itemCFG.py,confirmed-client-config
2184,梦幻城堡,profile-decoration,bg,false,,object/itemCFG.py,confirmed-client-config
2185,花载一帘幽梦,profile-decoration,bg,false,,object/itemCFG.py,confirmed-client-config
2186,轻风拂草过彩虹,profile-decoration,bg,false,,object/itemCFG.py,confirmed-client-config
2187,煤炭小黑精灵,profile-decoration,frame,false,,object/itemCFG.py,confirmed-client-config
2188,粉红小兔兔,profile-decoration,frame,false,,object/itemCFG.py,confirmed-client-config
2189,闪电战气,profile-decoration,enter,false,,object/itemCFG.py,confirmed-client-config
2190,流星夜,profile-decoration,enter,false,,object/itemCFG.py,confirmed-client-config
2191,爱之心,profile-decoration,enter,false,,object/itemCFG.py,confirmed-client-config
2192,小宇宙糖泡,account-item,bomb,false,,object/itemCFG.py,confirmed-client-config
2193,北极水晶球糖泡,account-item,bomb,false,,object/itemCFG.py,confirmed-client-config
2194,生态球糖泡,account-item,bomb,false,,object/itemCFG.py,confirmed-client-config
2196,金蛋糖泡,account-item,bomb,false,,object/itemCFG.py,confirmed-client-config
2197,蓝精灵糖泡,account-item,bomb,false,,object/itemCFG.py,confirmed-client-config
2198,糖果酷比糖泡,account-item,bomb,false,,object/itemCFG.py,confirmed-client-config
2199,牛奶巧克力糖泡,account-item,bomb,false,,object/itemCFG.py,confirmed-client-config
2200,草莓巧克力糖泡,account-item,bomb,false,,object/itemCFG.py,confirmed-client-config
2201,玫瑰水晶糖泡,account-item,bomb,false,,object/itemCFG.py,confirmed-client-config
2202,彩虹糖泡,account-item,bomb,false,,object/itemCFG.py,confirmed-client-config
2203,草莓糖泡,account-item,bomb,false,,object/itemCFG.py,confirmed-client-config
2204,瓢虫糖泡,account-item,bomb,false,,object/itemCFG.py,confirmed-client-config
2206,橙色缀花糖泡,account-item,bomb,false,,object/itemCFG.py,confirmed-client-config
2207,热带鱼幻影,account-item,huanying,false,,object/itemCFG.py,confirmed-client-config
2208,扑克幻影,account-item,huanying,false,,object/itemCFG.py,confirmed-client-config
2209,I love you 幻影,account-item,huanying,false,,object/itemCFG.py,confirmed-client-config
2210,五彩泡泡幻影,account-item,huanying,false,,object/itemCFG.py,confirmed-client-config
2211,鲜花脚印,account-item,footprint,false,,object/itemCFG.py,confirmed-client-config
2222,绿色旋律背带裙,avatar-cosmetic,cladorn,false,,object/itemCFG.py,confirmed-client-config
2223,boss高手,profile-decoration,bg,false,,object/itemCFG.py,confirmed-client-config
2224,格里芬捕快,profile-decoration,bg,false,,object/itemCFG.py,confirmed-client-config
2225,绿茵高手,profile-decoration,bg,false,,object/itemCFG.py,confirmed-client-config
2226,水手克星,profile-decoration,bg,false,,object/itemCFG.py,confirmed-client-config
2235,超级盟约书,account-item,platform,false,,object/itemCFG.py,confirmed-client-config
2236,鬼仆黑袍,avatar-cosmetic,cladorn,false,,object/itemCFG.py,confirmed-client-config
2237,鬼仆蛇刃,avatar-cosmetic,npack,false,,object/itemCFG.py,confirmed-client-config
2238,鬼仆头巾,avatar-cosmetic,cap,false,,object/itemCFG.py,confirmed-client-config
2239,圣诞老人的帽子,avatar-cosmetic,cap,false,,object/itemCFG.py,confirmed-client-config
2240,圣诞老人的衣服,avatar-cosmetic,cladorn,false,,object/itemCFG.py,confirmed-client-config
2241,水手衣,avatar-cosmetic,cladorn,false,,object/itemCFG.py,confirmed-client-config
2242,水手帽,avatar-cosmetic,cap,false,,object/itemCFG.py,confirmed-client-config
2243,水手弯刀,avatar-cosmetic,npack,false,,object/itemCFG.py,confirmed-client-config
2244,武林盟主背景,profile-decoration,bg,false,,object/itemCFG.py,confirmed-client-config
2245,那美克星怪兽头,avatar-cosmetic,cap,false,,object/itemCFG.py,confirmed-client-config
2246,木乃伊博士头部,avatar-cosmetic,cap,false,,object/itemCFG.py,confirmed-client-config
2247,海蛇之王头部,avatar-cosmetic,cap,false,,object/itemCFG.py,confirmed-client-config
2248,火鬼发式,avatar-cosmetic,cap,false,,object/itemCFG.py,confirmed-client-config
2251,近卫牛头,avatar-cosmetic,cap,false,,object/itemCFG.py,confirmed-client-config
2252,死神头罩,avatar-cosmetic,cap,false,,object/itemCFG.py,confirmed-client-config
2253,暗夜幽灵,avatar-cosmetic,cap,false,,object/itemCFG.py,confirmed-client-config
2254,贞子头发,avatar-cosmetic,cap,false,,object/itemCFG.py,confirmed-client-config
2255,白发魔女爆炸头,avatar-cosmetic,cap,false,,object/itemCFG.py,confirmed-client-config
2256,狐妖少年头,avatar-cosmetic,cap,false,,object/itemCFG.py,confirmed-client-config
2259,德拉克拉伯爵帽,avatar-cosmetic,cap,false,,object/itemCFG.py,confirmed-client-config
2260,花精灵帽,avatar-cosmetic,cap,false,,object/itemCFG.py,confirmed-client-config
2261,雪女头饰,avatar-cosmetic,cap,false,,object/itemCFG.py,confirmed-client-config
2263,木乃伊博士面具,avatar-cosmetic,mouth,false,,object/itemCFG.py,confirmed-client-config
2264,火鬼烟斗,avatar-cosmetic,mouth,false,,object/itemCFG.py,confirmed-client-config
2265,死神,avatar-cosmetic,cap,false,,object/itemCFG.py,confirmed-client-config
2266,风妖面具,avatar-cosmetic,mouth,false,,object/itemCFG.py,confirmed-client-config
2267,那美克星怪兽身,avatar-cosmetic,cladorn,false,,object/itemCFG.py,confirmed-client-config
2268,木乃伊绅士衣,avatar-cosmetic,cladorn,false,,object/itemCFG.py,confirmed-client-config
2269,海蛇之王套装,avatar-cosmetic,cladorn,false,,object/itemCFG.py,confirmed-client-config
2270,浴火袍,avatar-cosmetic,cladorn,false,,object/itemCFG.py,confirmed-client-config
2273,近卫牛头甲,avatar-cosmetic,cladorn,false,,object/itemCFG.py,confirmed-client-config
2274,死神斗篷,avatar-cosmetic,cladorn,false,,object/itemCFG.py,confirmed-client-config
2275,狐妖少年衣,avatar-cosmetic,cladorn,false,,object/itemCFG.py,confirmed-client-config
2276,德拉克拉伯爵装,avatar-cosmetic,cladorn,false,,object/itemCFG.py,confirmed-client-config
2277,克丽丝收腰裙,avatar-cosmetic,cladorn,false,,object/itemCFG.py,confirmed-client-config
2278,天使裙,avatar-cosmetic,cladorn,false,,object/itemCFG.py,confirmed-client-config
2279,黑玫瑰裙,avatar-cosmetic,cladorn,false,,object/itemCFG.py,confirmed-client-config
2280,雪女衣,avatar-cosmetic,cladorn,false,,object/itemCFG.py,confirmed-client-config
2281,千年女妖魔袍,avatar-cosmetic,cladorn,false,,object/itemCFG.py,confirmed-client-config
2283,笼中邪灵,avatar-cosmetic,npack,false,,object/itemCFG.py,confirmed-client-config
2284,九尾狐,avatar-cosmetic,npack,false,,object/itemCFG.py,confirmed-client-config
2285,摄魂镰刀,avatar-cosmetic,npack,false,,object/itemCFG.py,confirmed-client-config
2286,美杜莎石化盾牌,avatar-cosmetic,npack,false,,object/itemCFG.py,confirmed-client-config
2287,木乃伊博士披风,avatar-cosmetic,npack,false,,object/itemCFG.py,confirmed-client-config
2289,大力神黄金斧,avatar-cosmetic,npack,false,,object/itemCFG.py,confirmed-client-config
2290,火箭喷射器,avatar-cosmetic,fpack,false,,object/itemCFG.py,confirmed-client-config
2291,仙妖翅膀,avatar-cosmetic,fpack,false,,object/itemCFG.py,confirmed-client-config
2292,德拉克拉伯爵翼,avatar-cosmetic,fpack,false,,object/itemCFG.py,confirmed-client-config
2293,灵舞蝴蝶翅膀,avatar-cosmetic,fpack,false,,object/itemCFG.py,confirmed-client-config
2294,小天使翅膀,avatar-cosmetic,fpack,false,,object/itemCFG.py,confirmed-client-config
2295,以赛亚翅膀,avatar-cosmetic,fpack,false,,object/itemCFG.py,confirmed-client-config
2296,沙罗曼蛇,profile-decoration,bg,false,,object/itemCFG.py,confirmed-client-config
2297,狮鹫,profile-decoration,bg,false,,object/itemCFG.py,confirmed-client-config
2298,魔王城堡,profile-decoration,bg,false,,object/itemCFG.py,confirmed-client-config
2299,蛇语者,profile-decoration,bg,false,,object/itemCFG.py,confirmed-client-config
2300,火龙,profile-decoration,bg,false,,object/itemCFG.py,confirmed-client-config
2301,灵异歌剧院,profile-decoration,bg,false,,object/itemCFG.py,confirmed-client-config
2302,火焰骷髅王,profile-decoration,bg,false,,object/itemCFG.py,confirmed-client-config
2303,血蝙蝠,profile-decoration,bg,false,,object/itemCFG.py,confirmed-client-config
2304,魔域,profile-decoration,bg,false,,object/itemCFG.py,confirmed-client-config
2305,幽冥界,profile-decoration,bg,false,,object/itemCFG.py,confirmed-client-config
2306,月圆之夜,profile-decoration,bg,false,,object/itemCFG.py,confirmed-client-config
2307,官方道具组背景,profile-decoration,bg,false,,object/itemCFG.py,confirmed-client-config
2308,官方记者团背景,profile-decoration,bg,false,,object/itemCFG.py,confirmed-client-config
2309,绣金边框,profile-decoration,frame,false,,object/itemCFG.py,confirmed-client-config
2310,X火翼,profile-decoration,frame,false,,object/itemCFG.py,confirmed-client-config
2311,爱心飘飘,profile-decoration,frame,false,,object/itemCFG.py,confirmed-client-config
2312,玄幻,profile-decoration,frame,false,,object/itemCFG.py,confirmed-client-config
2313,紫绚,profile-decoration,frame,false,,object/itemCFG.py,confirmed-client-config
2314,预备进行时,profile-decoration,enter,false,,object/itemCFG.py,confirmed-client-config
2315,眼球糖泡,account-item,bomb,false,,object/itemCFG.py,confirmed-client-config
2316,肉球糖泡,account-item,bomb,false,,object/itemCFG.py,confirmed-client-config
2317,鲁滨逊糖泡,account-item,bomb,false,,object/itemCFG.py,confirmed-client-config
2318,虹彩精灵糖泡,account-item,bomb,false,,object/itemCFG.py,confirmed-client-config
2319,血蝙蝠糖泡,account-item,bomb,false,,object/itemCFG.py,confirmed-client-config
2320,黄泉糖泡,account-item,bomb,false,,object/itemCFG.py,confirmed-client-config
2321,鬼火糖泡,account-item,bomb,false,,object/itemCFG.py,confirmed-client-config
2322,红魔糖泡,account-item,bomb,false,,object/itemCFG.py,confirmed-client-config
2323,史莱姆糖泡,account-item,bomb,false,,object/itemCFG.py,confirmed-client-config
2324,符咒幻影,account-item,huanying,false,,object/itemCFG.py,confirmed-client-config
2325,蝙蝠幻影,account-item,huanying,false,,object/itemCFG.py,confirmed-client-config
2326,幽蓝幻影,account-item,huanying,false,,object/itemCFG.py,confirmed-client-config
2327,幽灵幻影,account-item,huanying,false,,object/itemCFG.py,confirmed-client-config
2328,粉兔兔脚印,account-item,footprint,false,,object/itemCFG.py,confirmed-client-config
2329,血迹脚印,account-item,footprint,false,,object/itemCFG.py,confirmed-client-config
2332,蛙族军曹帽,avatar-cosmetic,cap,false,,object/itemCFG.py,confirmed-client-config
2333,八神庵发型,avatar-cosmetic,cap,false,,object/itemCFG.py,confirmed-client-config
2336,豪鬼发型,avatar-cosmetic,cap,false,,object/itemCFG.py,confirmed-client-config
2338,武将头套,avatar-cosmetic,cap,false,,object/itemCFG.py,confirmed-client-config
2339,武·关羽头套,avatar-cosmetic,cap,false,,object/itemCFG.py,confirmed-client-config
2342,忍者神龟头套,avatar-cosmetic,cap,false,,object/itemCFG.py,confirmed-client-config
2343,QQ堂将军帽,avatar-cosmetic,cap,false,,object/itemCFG.py,confirmed-client-config
2344,圣骑士头盔,avatar-cosmetic,cap,false,,object/itemCFG.py,confirmed-client-config
2345,小白云,avatar-cosmetic,cap,false,,object/itemCFG.py,confirmed-client-config
2346,财神官帽,avatar-cosmetic,cap,false,,object/itemCFG.py,confirmed-client-config
2347,福气冠顶,avatar-cosmetic,cap,false,,object/itemCFG.py,confirmed-client-config
2348,超级玛利头套,avatar-cosmetic,cap,false,,object/itemCFG.py,confirmed-client-config
2351,迷彩军沿帽,avatar-cosmetic,cap,false,,object/itemCFG.py,confirmed-client-config
2352,武·张飞面具,avatar-cosmetic,mouth,false,,object/itemCFG.py,confirmed-client-config
2353,刘备面具,avatar-cosmetic,mouth,false,,object/itemCFG.py,confirmed-client-config
2354,武·关羽面具,avatar-cosmetic,mouth,false,,object/itemCFG.py,confirmed-client-config
2356,卡哇伊眼镜,avatar-cosmetic,mouth,false,,object/itemCFG.py,confirmed-client-config
2357,忍者面具,avatar-cosmetic,mouth,false,,object/itemCFG.py,confirmed-client-config
2358,超级导弹,avatar-cosmetic,thadorn,false,,object/itemCFG.py,confirmed-client-config
2361,鼠小弟卡丁车,avatar-cosmetic,ear,false,,object/itemCFG.py,confirmed-client-config
2363,八神庵服饰,avatar-cosmetic,cladorn,false,,object/itemCFG.py,confirmed-client-config
2364,草雉京服饰,avatar-cosmetic,cladorn,false,,object/itemCFG.py,confirmed-client-config
2365,豪鬼战斗装,avatar-cosmetic,cladorn,false,,object/itemCFG.py,confirmed-client-config
2367,武将铠甲,avatar-cosmetic,cladorn,false,,object/itemCFG.py,confirmed-client-config
2368,武·关羽长袍,avatar-cosmetic,cladorn,false,,object/itemCFG.py,confirmed-client-config
2369,黑猫警长服,avatar-cosmetic,cladorn,false,,object/itemCFG.py,confirmed-client-config
2370,忍者龟身体,avatar-cosmetic,cladorn,false,,object/itemCFG.py,confirmed-client-config
2371,QQ堂将军制服,avatar-cosmetic,cladorn,false,,object/itemCFG.py,confirmed-client-config
2372,圣骑士铠,avatar-cosmetic,cladorn,false,,object/itemCFG.py,confirmed-client-config
2373,财神服,avatar-cosmetic,cladorn,false,,object/itemCFG.py,confirmed-client-config
2374,超级玛利衣服,avatar-cosmetic,cladorn,false,,object/itemCFG.py,confirmed-client-config
2375,莫娜休闲衣,avatar-cosmetic,cladorn,false,,object/itemCFG.py,confirmed-client-config
2377,超级玛利龟龟云,avatar-cosmetic,ear,false,,object/itemCFG.py,confirmed-client-config
2378,迷彩服,avatar-cosmetic,cladorn,false,,object/itemCFG.py,confirmed-client-config
2379,大红棉袄,avatar-cosmetic,cladorn,false,,object/itemCFG.py,confirmed-client-config
2380,七彩莲花座,avatar-cosmetic,ear,false,,object/itemCFG.py,confirmed-client-config
2381,武·丈八蛇矛,avatar-cosmetic,npack,false,,object/itemCFG.py,confirmed-client-config
2382,武·双股剑,avatar-cosmetic,npack,false,,object/itemCFG.py,confirmed-client-config
2383,武·青龙偃月刀,avatar-cosmetic,npack,false,,object/itemCFG.py,confirmed-client-config
2385,七彩冰淇淋,avatar-cosmetic,npack,false,,object/itemCFG.py,confirmed-client-config
2386,仙女棒,avatar-cosmetic,npack,false,,object/itemCFG.py,confirmed-client-config
2387,加速器,avatar-cosmetic,fpack,false,,object/itemCFG.py,confirmed-client-config
2388,爱心熊,avatar-cosmetic,fpack,false,,object/itemCFG.py,confirmed-client-config
2389,新年醒狮,profile-decoration,bg,false,,object/itemCFG.py,confirmed-client-config
2390,鼠年背景,profile-decoration,bg,false,,object/itemCFG.py,confirmed-client-config
2391,童年涂鸦1,profile-decoration,bg,false,,object/itemCFG.py,confirmed-client-config
2392,童年涂鸦2,profile-decoration,bg,false,,object/itemCFG.py,confirmed-client-config
2393,招财猫,profile-decoration,bg,false,,object/itemCFG.py,confirmed-client-config
2394,艺术剪纸,profile-decoration,bg,false,,object/itemCFG.py,confirmed-client-config
2395,新版I love U,profile-decoration,bg,false,,object/itemCFG.py,confirmed-client-config
2396,多彩童年路,profile-decoration,bg,false,,object/itemCFG.py,confirmed-client-config
2397,烟火,profile-decoration,bg,false,,object/itemCFG.py,confirmed-client-config
2398,雪花勋章,profile-decoration,frame,false,,object/itemCFG.py,confirmed-client-config
2399,灯笼勋章,profile-decoration,frame,false,,object/itemCFG.py,confirmed-client-config
2400,四叶草勋章,profile-decoration,frame,false,,object/itemCFG.py,confirmed-client-config
2401,利剑勋章,profile-decoration,frame,false,,object/itemCFG.py,confirmed-client-config
2402,龙舟勋章,profile-decoration,frame,false,,object/itemCFG.py,confirmed-client-config
2403,神盾勋章,profile-decoration,frame,false,,object/itemCFG.py,confirmed-client-config
2404,太阳勋章,profile-decoration,frame,false,,object/itemCFG.py,confirmed-client-config
2405,五星勋章,profile-decoration,frame,false,,object/itemCFG.py,confirmed-client-config
2406,圆月勋章,profile-decoration,frame,false,,object/itemCFG.py,confirmed-client-config
2407,万圣勋章,profile-decoration,frame,false,,object/itemCFG.py,confirmed-client-config
2408,石柱勋章,profile-decoration,frame,false,,object/itemCFG.py,confirmed-client-config
2409,圣诞勋章,profile-decoration,frame,false,,object/itemCFG.py,confirmed-client-config
2411,爆竹声中一岁除,profile-decoration,frame,false,,object/itemCFG.py,confirmed-client-config
2412,年年有余,profile-decoration,frame,false,,object/itemCFG.py,confirmed-client-config
2413,醒狮入场,profile-decoration,enter,false,,object/itemCFG.py,confirmed-client-config
2416,蟠桃糖泡,account-item,bomb,false,,object/itemCFG.py,confirmed-client-config
2418,金元宝糖泡,account-item,bomb,false,,object/itemCFG.py,confirmed-client-config
2419,蘑菇糖泡,account-item,bomb,false,,object/itemCFG.py,confirmed-client-config
2420,毽子糖泡,account-item,bomb,false,,object/itemCFG.py,confirmed-client-config
2421,葫芦糖泡,account-item,bomb,false,,object/itemCFG.py,confirmed-client-config
2422,千里送鹅毛幻影,account-item,huanying,false,,object/itemCFG.py,confirmed-client-config
2423,加减乘除幻影,account-item,huanying,false,,object/itemCFG.py,confirmed-client-config
2424,红唇幻影,account-item,huanying,false,,object/itemCFG.py,confirmed-client-config
2425,钱钱脚印,account-item,footprint,false,,object/itemCFG.py,confirmed-client-config
2435,春节背景,profile-decoration,bg,false,,object/itemCFG.py,confirmed-client-config
2436,荣耀之门背景,profile-decoration,bg,false,,object/itemCFG.py,confirmed-client-config
2470,甲级家族徽章,profile-decoration,frame,false,,object/itemCFG.py,confirmed-client-config
2471,金刚头套,avatar-cosmetic,cap,false,,object/itemCFG.py,confirmed-client-config
2472,长江2号,avatar-cosmetic,cap,false,,object/itemCFG.py,confirmed-client-config
2473,真魔国君主冠,avatar-cosmetic,cap,false,,object/itemCFG.py,confirmed-client-config
2474,银时发式,avatar-cosmetic,cap,false,,object/itemCFG.py,confirmed-client-config
2476,卡卡西发式,avatar-cosmetic,cap,false,,object/itemCFG.py,confirmed-client-config
2477,kitty猫头饰,avatar-cosmetic,cap,false,,object/itemCFG.py,confirmed-client-config
2478,鼠宝宝帽,avatar-cosmetic,cap,false,,object/itemCFG.py,confirmed-client-config
2479,霍达克头部,avatar-cosmetic,cap,false,,object/itemCFG.py,confirmed-client-config
2480,神龙斗士·冠,avatar-cosmetic,cap,false,,object/itemCFG.py,confirmed-client-config
2481,1945-飞行员帽,avatar-cosmetic,cap,false,,object/itemCFG.py,confirmed-client-config
2482,英雄无妄头盔,avatar-cosmetic,eye,false,,object/itemCFG.py,confirmed-client-config
2483,皮卡丘头部,avatar-cosmetic,cap,false,,object/itemCFG.py,confirmed-client-config
2484,乱马1/2,avatar-cosmetic,cap,false,,object/itemCFG.py,confirmed-client-config
2485,佐罗帽子,avatar-cosmetic,cap,false,,object/itemCFG.py,confirmed-client-config
2487,黑蔓藤面甲,avatar-cosmetic,cap,false,,object/itemCFG.py,confirmed-client-config
2488,草莓棉花糖,avatar-cosmetic,cap,false,,object/itemCFG.py,confirmed-client-config
2489,自来也头盔,avatar-cosmetic,cap,false,,object/itemCFG.py,confirmed-client-config
2490,中国娃娃头饰,avatar-cosmetic,cap,false,,object/itemCFG.py,confirmed-client-config
2491,娃娃头发,avatar-cosmetic,cap,false,,object/itemCFG.py,confirmed-client-config
2493,卡卡西面具,avatar-cosmetic,mouth,false,,object/itemCFG.py,confirmed-client-config
2494,罗宾汉眼镜,avatar-cosmetic,mouth,false,,object/itemCFG.py,confirmed-client-config
2495,佐罗眼罩,avatar-cosmetic,mouth,false,,object/itemCFG.py,confirmed-client-config
2496,唯美SD面具,avatar-cosmetic,mouth,false,,object/itemCFG.py,confirmed-client-config
2497,精灵之束,avatar-cosmetic,eye,false,,object/itemCFG.py,confirmed-client-config
2498,金刚之躯,avatar-cosmetic,cladorn,false,,object/itemCFG.py,confirmed-client-config
2499,长江2号绒皮,avatar-cosmetic,cladorn,false,,object/itemCFG.py,confirmed-client-config
2500,真魔国君主衣,avatar-cosmetic,cladorn,false,,object/itemCFG.py,confirmed-client-config
2502,银时便装,avatar-cosmetic,cladorn,false,,object/itemCFG.py,confirmed-client-config
2503,卡卡西上忍服,avatar-cosmetic,cladorn,false,,object/itemCFG.py,confirmed-client-config
2504,kitty猫服饰,avatar-cosmetic,cladorn,false,,object/itemCFG.py,confirmed-client-config
2505,鼠宝宝衣,avatar-cosmetic,cladorn,false,,object/itemCFG.py,confirmed-client-config
2507,神龙斗士·诺,avatar-cosmetic,cladorn,false,,object/itemCFG.py,confirmed-client-config
2509,酷溜车,avatar-cosmetic,ear,false,,object/itemCFG.py,confirmed-client-config
2510,英雄无妄戎装,avatar-cosmetic,cladorn,false,,object/itemCFG.py,confirmed-client-config
2511,皮卡丘身体,avatar-cosmetic,cladorn,false,,object/itemCFG.py,confirmed-client-config
2512,黑武士战衣,avatar-cosmetic,cladorn,false,,object/itemCFG.py,confirmed-client-config
2514,佐罗服,avatar-cosmetic,cladorn,false,,object/itemCFG.py,confirmed-client-config
2515,梦魇之甲,avatar-cosmetic,cladorn,false,,object/itemCFG.py,confirmed-client-config
2516,黑蔓藤盔甲,avatar-cosmetic,cladorn,false,,object/itemCFG.py,confirmed-client-config
2517,草莓棉糖衣,avatar-cosmetic,cladorn,false,,object/itemCFG.py,confirmed-client-config
2518,自来也轻装,avatar-cosmetic,cladorn,false,,object/itemCFG.py,confirmed-client-config
2520,女式和服,avatar-cosmetic,cladorn,false,,object/itemCFG.py,confirmed-client-config
2521,Q2狙击枪,avatar-cosmetic,npack,false,,object/itemCFG.py,confirmed-client-config
2523,洞爷湖木刀,avatar-cosmetic,npack,false,,object/itemCFG.py,confirmed-client-config
2524,总悟火箭筒,avatar-cosmetic,npack,false,,object/itemCFG.py,confirmed-client-config
2525,真魔国圣灵披风,avatar-cosmetic,npack,false,,object/itemCFG.py,confirmed-client-config
2526,冰河松鼠尾,avatar-cosmetic,npack,false,,object/itemCFG.py,confirmed-client-config
2527,阿修罗·剑,avatar-cosmetic,npack,false,,object/itemCFG.py,confirmed-client-config
2528,真魔国君主剑,avatar-cosmetic,fpack,false,,object/itemCFG.py,confirmed-client-config
2529,神龙斗士·刃,avatar-cosmetic,fpack,false,,object/itemCFG.py,confirmed-client-config
2530,狱魔龙之翼,avatar-cosmetic,fpack,false,,object/itemCFG.py,confirmed-client-config
2531,芭比孔雀公主,avatar-cosmetic,fpack,false,,object/itemCFG.py,confirmed-client-config
2532,梦魔之魄,avatar-cosmetic,fpack,false,,object/itemCFG.py,confirmed-client-config
2533,钢铁之翼,avatar-cosmetic,fpack,false,,object/itemCFG.py,confirmed-client-config
2534,猫精灵石杖,avatar-cosmetic,fpack,false,,object/itemCFG.py,confirmed-client-config
2535,银魂,profile-decoration,bg,false,,object/itemCFG.py,confirmed-client-config
2536,变形金刚·霸天虎,profile-decoration,bg,false,,object/itemCFG.py,confirmed-client-config
2538,加勒比海盗,profile-decoration,bg,false,,object/itemCFG.py,confirmed-client-config
2539,光速截影,profile-decoration,bg,false,,object/itemCFG.py,confirmed-client-config
2540,王者之光,profile-decoration,bg,false,,object/itemCFG.py,confirmed-client-config
2541,小镇雪夜,profile-decoration,bg,false,,object/itemCFG.py,confirmed-client-config
2542,阿修罗宫,profile-decoration,bg,false,,object/itemCFG.py,confirmed-client-config
2544,金鼠迎春,profile-decoration,bg,false,,object/itemCFG.py,confirmed-client-config
2545,两只小老鼠,profile-decoration,frame,false,,object/itemCFG.py,confirmed-client-config
2546,悬赏通缉令,profile-decoration,frame,false,,object/itemCFG.py,confirmed-client-config
2547,预备！开战！,profile-decoration,enter,false,,object/itemCFG.py,confirmed-client-config
2548,福到了,profile-decoration,enter,false,,object/itemCFG.py,confirmed-client-config
2549,飞火流星,profile-decoration,enter,false,,object/itemCFG.py,confirmed-client-config
2550,变形金刚·汽车人,profile-decoration,enter,false,,object/itemCFG.py,confirmed-client-config
2551,小老鼠糖泡,account-item,bomb,false,,object/itemCFG.py,confirmed-client-config
2552,红云查克拉糖泡,account-item,bomb,false,,object/itemCFG.py,confirmed-client-config
2553,kitty糖泡,account-item,bomb,false,,object/itemCFG.py,confirmed-client-config
2554,佐罗Z字糖泡,account-item,bomb,false,,object/itemCFG.py,confirmed-client-config
2555,铃铛糖泡,account-item,bomb,false,,object/itemCFG.py,confirmed-client-config
2556,雷灵珠-千鸟,account-item,bomb,false,,object/itemCFG.py,confirmed-client-config
2557,火灵珠-火遁,account-item,bomb,false,,object/itemCFG.py,confirmed-client-config
2558,水灵珠,account-item,bomb,false,,object/itemCFG.py,confirmed-client-config
2559,风灵珠,account-item,bomb,false,,object/itemCFG.py,confirmed-client-config
2560,土灵珠-沙暴,account-item,bomb,false,,object/itemCFG.py,confirmed-client-config
2561,圣灵珠,account-item,bomb,false,,object/itemCFG.py,confirmed-client-config
2562,哈姆太郎糖泡,account-item,bomb,false,,object/itemCFG.py,confirmed-client-config
2563,章鱼丸子糖泡,account-item,bomb,false,,object/itemCFG.py,confirmed-client-config
2564,紫电银霜,account-item,huanying,false,,object/itemCFG.py,confirmed-client-config
2565,甜心幻影,account-item,huanying,false,,object/itemCFG.py,confirmed-client-config
2566,雨中掠影,account-item,huanying,false,,object/itemCFG.py,confirmed-client-config
2567,精灵脚印,account-item,footprint,false,,object/itemCFG.py,confirmed-client-config
2575,我爱罗头饰,avatar-cosmetic,cap,false,,object/itemCFG.py,confirmed-client-config
2576,华丽小丑面具,avatar-cosmetic,mouth,false,,object/itemCFG.py,confirmed-client-config
2577,传统小丑面具,avatar-cosmetic,mouth,false,,object/itemCFG.py,confirmed-client-config
2578,可爱小丑面具,avatar-cosmetic,cap,false,,object/itemCFG.py,confirmed-client-config
2579,风筝背景,profile-decoration,bg,false,,object/itemCFG.py,confirmed-client-config
2580,秋千背景,profile-decoration,bg,false,,object/itemCFG.py,confirmed-client-config
2581,祥云中国印,profile-decoration,bg,false,,object/itemCFG.py,confirmed-client-config
2582,禁止说谎,profile-decoration,bg,false,,object/itemCFG.py,confirmed-client-config
2583,你是可爱的小猪,profile-decoration,bg,false,,object/itemCFG.py,confirmed-client-config
2584,葵花壁,profile-decoration,bg,false,,object/itemCFG.py,confirmed-client-config
2585,暗雪潇潇,profile-decoration,bg,false,,object/itemCFG.py,confirmed-client-config
2586,落叶缤纷,profile-decoration,bg,false,,object/itemCFG.py,confirmed-client-config
2587,南天门,profile-decoration,bg,false,,object/itemCFG.py,confirmed-client-config
2588,澄心湖畔,profile-decoration,bg,false,,object/itemCFG.py,confirmed-client-config
2589,封曜之窟,profile-decoration,bg,false,,object/itemCFG.py,confirmed-client-config
2590,焚煌台,profile-decoration,bg,false,,object/itemCFG.py,confirmed-client-config
2591,七曜星轮,profile-decoration,bg,false,,object/itemCFG.py,confirmed-client-config
2592,定时炸弹糖泡,account-item,bomb,false,,object/itemCFG.py,confirmed-client-config
2593,V字糖泡,account-item,bomb,false,,object/itemCFG.py,confirmed-client-config
2594,赤爱宝珠糖泡,account-item,bomb,false,,object/itemCFG.py,confirmed-client-config
2595,青恋宝珠糖泡,account-item,bomb,false,,object/itemCFG.py,confirmed-client-config
2596,八卦糖泡,account-item,bomb,false,,object/itemCFG.py,confirmed-client-config
2597,武尊糖泡,account-item,bomb,false,,object/itemCFG.py,confirmed-client-config
2598,酒坛糖泡,account-item,bomb,false,,object/itemCFG.py,confirmed-client-config
2600,东方不败之冠,avatar-cosmetic,cap,false,,object/itemCFG.py,confirmed-client-config
2601,庄主头饰,avatar-cosmetic,cap,false,,object/itemCFG.py,confirmed-client-config
2604,朵朵菊,avatar-cosmetic,eye,false,,object/itemCFG.py,confirmed-client-config
2608,女侠头饰,avatar-cosmetic,cap,false,,object/itemCFG.py,confirmed-client-config
2609,倩影头饰,avatar-cosmetic,cap,false,,object/itemCFG.py,confirmed-client-config
2610,大内密探,avatar-cosmetic,cladorn,false,,object/itemCFG.py,confirmed-client-config
2611,武尊服饰,avatar-cosmetic,cladorn,false,,object/itemCFG.py,confirmed-client-config
2612,BT套装之遮丑叶,avatar-cosmetic,mouth,false,,object/itemCFG.py,confirmed-client-config
2613,庄主服饰,avatar-cosmetic,cladorn,false,,object/itemCFG.py,confirmed-client-config
2614,公子服饰,avatar-cosmetic,cladorn,false,,object/itemCFG.py,confirmed-client-config
2616,情侣风衣-男,avatar-cosmetic,cladorn,false,,object/itemCFG.py,confirmed-client-config
2617,情侣风衣-女,avatar-cosmetic,cladorn,false,,object/itemCFG.py,confirmed-client-config
2618,朱砂裙,avatar-cosmetic,cladorn,false,,object/itemCFG.py,confirmed-client-config
2619,牡丹绣,avatar-cosmetic,cladorn,false,,object/itemCFG.py,confirmed-client-config
2620,锦衣卫战袍,avatar-cosmetic,cladorn,false,,object/itemCFG.py,confirmed-client-config
2621,奔跑的浴缸,avatar-cosmetic,ear,false,,object/itemCFG.py,confirmed-client-config
2622,花精服饰,avatar-cosmetic,cladorn,false,,object/itemCFG.py,confirmed-client-config
2623,青寒防卫衣,avatar-cosmetic,cladorn,false,,object/itemCFG.py,confirmed-client-config
2625,女侠服饰,avatar-cosmetic,cladorn,false,,object/itemCFG.py,confirmed-client-config
2626,少侠套装,avatar-cosmetic,cladorn,false,,object/itemCFG.py,confirmed-client-config
2627,豪杰套装,avatar-cosmetic,cladorn,false,,object/itemCFG.py,confirmed-client-config
2629,愚人印章,profile-decoration,enter,false,,object/itemCFG.py,confirmed-client-config
2631,BT套装之挠痒痒手,avatar-cosmetic,fpack,false,,object/itemCFG.py,confirmed-client-config
2632,九尾旌旗,avatar-cosmetic,fpack,false,,object/itemCFG.py,confirmed-client-config
2633,沙魂旗,avatar-cosmetic,fpack,false,,object/itemCFG.py,confirmed-client-config
2634,暗香扇,avatar-cosmetic,fpack,false,,object/itemCFG.py,confirmed-client-config
2635,泣血扇,avatar-cosmetic,fpack,false,,object/itemCFG.py,confirmed-client-config
2636,射日弓,avatar-cosmetic,fpack,false,,object/itemCFG.py,confirmed-client-config
2637,骷髅前景,profile-decoration,frame,false,,object/itemCFG.py,confirmed-client-config
2638,天下第一牌匾,profile-decoration,frame,false,,object/itemCFG.py,confirmed-client-config
2639,我无敌,profile-decoration,frame,false,,object/itemCFG.py,confirmed-client-config
2640,香蕉幻影,account-item,huanying,false,,object/itemCFG.py,confirmed-client-config
2641,無賴臉型,avatar-cosmetic,mouth,false,,object/itemCFG.py,confirmed-client-config
2642,武尊面饰,avatar-cosmetic,mouth,false,,object/itemCFG.py,confirmed-client-config
2643,狼毒刀,avatar-cosmetic,npack,false,,object/itemCFG.py,confirmed-client-config
2644,天刺,avatar-cosmetic,npack,false,,object/itemCFG.py,confirmed-client-config
2645,可愛貓吉他,avatar-cosmetic,npack,false,,object/itemCFG.py,confirmed-client-config
2646,琵琶,avatar-cosmetic,npack,false,,object/itemCFG.py,confirmed-client-config
2647,赤壁装备-劈山斧,avatar-cosmetic,npack,false,,object/itemCFG.py,confirmed-client-config
2648,赤壁装备-伏龙仗,avatar-cosmetic,npack,false,,object/itemCFG.py,confirmed-client-config
2649,龙吟剑,avatar-cosmetic,npack,false,,object/itemCFG.py,confirmed-client-config
2650,血魔邪剑,avatar-cosmetic,npack,false,,object/itemCFG.py,confirmed-client-config
2651,剪刀脚,account-item,footprint,false,,object/itemCFG.py,confirmed-client-config
2652,BT套装之BT花,avatar-cosmetic,cap,false,,object/itemCFG.py,confirmed-client-config
2656,黑龙降临,profile-decoration,enter,false,,object/itemCFG.py,confirmed-client-config
2657,地狱降临,profile-decoration,enter,false,,object/itemCFG.py,confirmed-client-config
2658,黑龙通关,profile-decoration,enter,false,,object/itemCFG.py,confirmed-client-config
2659,魔一通关,profile-decoration,enter,false,,object/itemCFG.py,confirmed-client-config
2660,魔二通关,profile-decoration,enter,false,,object/itemCFG.py,confirmed-client-config
2661,机械通关,profile-decoration,enter,false,,object/itemCFG.py,confirmed-client-config
2662,探险高手,profile-decoration,enter,false,,object/itemCFG.py,confirmed-client-config
2663,探险达人,profile-decoration,enter,false,,object/itemCFG.py,confirmed-client-config
2664,探险狂人,profile-decoration,enter,false,,object/itemCFG.py,confirmed-client-config
2665,探险超人,profile-decoration,enter,false,,object/itemCFG.py,confirmed-client-config
2666,探险魔人,profile-decoration,enter,false,,object/itemCFG.py,confirmed-client-config
2678,爱中国-北京奥运背景,profile-decoration,bg,false,,object/itemCFG.py,confirmed-client-config
2679,NBA背景,profile-decoration,bg,false,,object/itemCFG.py,confirmed-client-config
2680,金色奥运年背景,profile-decoration,bg,false,,object/itemCFG.py,confirmed-client-config
2682,MVP背景,profile-decoration,bg,false,,object/itemCFG.py,confirmed-client-config
2683,QQ堂扣篮,profile-decoration,bg,false,,object/itemCFG.py,confirmed-client-config
2684,午后球场,profile-decoration,bg,false,,object/itemCFG.py,confirmed-client-config
2685,休斯顿火箭队背景,profile-decoration,bg,false,,object/itemCFG.py,confirmed-client-config
2687,斯诺克黑8糖泡,account-item,bomb,false,,object/itemCFG.py,confirmed-client-config
2688,人文印糖泡,account-item,bomb,false,,object/itemCFG.py,confirmed-client-config
2689,标准篮球糖泡,account-item,bomb,false,,object/itemCFG.py,confirmed-client-config
2690,奥运糖泡,account-item,bomb,false,,object/itemCFG.py,confirmed-client-config
2691,大便糖泡,account-item,bomb,false,,object/itemCFG.py,confirmed-client-config
2692,烈火篮球糖泡,account-item,bomb,false,,object/itemCFG.py,confirmed-client-config
2693,圣火冠,avatar-cosmetic,cap,false,,object/itemCFG.py,confirmed-client-config
2694,运动帽,avatar-cosmetic,cap,false,,object/itemCFG.py,confirmed-client-config
2697,飞来球鞋,avatar-cosmetic,cap,false,,object/itemCFG.py,confirmed-client-config
2698,MM新手网球帽,avatar-cosmetic,cap,false,,object/itemCFG.py,confirmed-client-config
2699,MM出师网球帽,avatar-cosmetic,cap,false,,object/itemCFG.py,confirmed-client-config
2700,QNBA冠军头饰,avatar-cosmetic,cap,false,,object/itemCFG.py,confirmed-client-config
2701,QNBA表演头饰,avatar-cosmetic,cap,false,,object/itemCFG.py,confirmed-client-config
2707,滑雪帽,avatar-cosmetic,cap,false,,object/itemCFG.py,confirmed-client-config
2708,亚特兰大老鹰队,avatar-cosmetic,thadorn,false,,object/itemCFG.py,confirmed-client-config
2709,莫西干发型,avatar-cosmetic,cap,false,,object/itemCFG.py,confirmed-client-config
2710,卡哇伊帽子+手套,avatar-cosmetic,cap,false,,object/itemCFG.py,confirmed-client-config
2718,湘北11号球衣,avatar-cosmetic,cladorn,false,,object/itemCFG.py,confirmed-client-config
2719,神奈川10号球衣,avatar-cosmetic,cladorn,false,,object/itemCFG.py,confirmed-client-config
2720,大灌篮,avatar-cosmetic,cladorn,false,,object/itemCFG.py,confirmed-client-config
2721,黄金后卫,avatar-cosmetic,cladorn,false,,object/itemCFG.py,confirmed-client-config
2723,啦啦队队服,avatar-cosmetic,cladorn,false,,object/itemCFG.py,confirmed-client-config
2724,火箭姚之队服,avatar-cosmetic,cladorn,false,,object/itemCFG.py,confirmed-client-config
2725,adidas大号球衣,avatar-cosmetic,cladorn,false,,object/itemCFG.py,confirmed-client-config
2732,滑雪衣,avatar-cosmetic,cladorn,false,,object/itemCFG.py,confirmed-client-config
2733,大号NBA球衣,avatar-cosmetic,cladorn,false,,object/itemCFG.py,confirmed-client-config
2734,花式篮球,profile-decoration,enter,false,,object/itemCFG.py,confirmed-client-config
2735,篮球魅影,profile-decoration,enter,false,,object/itemCFG.py,confirmed-client-config
2737,火焰翅膀,avatar-cosmetic,fpack,false,,object/itemCFG.py,confirmed-client-config
2739,奥运标志幻影,account-item,huanying,false,,object/itemCFG.py,confirmed-client-config
2740,桌球幻影,account-item,huanying,false,,object/itemCFG.py,confirmed-client-config
2741,NBA幻影,account-item,huanying,false,,object/itemCFG.py,confirmed-client-config
2742,酷比篮球,avatar-cosmetic,eye,false,,object/itemCFG.py,confirmed-client-config
2743,酷比足球,avatar-cosmetic,eye,false,,object/itemCFG.py,confirmed-client-config
2744,足球哨子,avatar-cosmetic,mouth,false,,object/itemCFG.py,confirmed-client-config
2745,超前游泳眼镜,avatar-cosmetic,mouth,false,,object/itemCFG.py,confirmed-client-config
2746,闪闪眼睛,avatar-cosmetic,mouth,false,,object/itemCFG.py,confirmed-client-config
2747,圣火炬,avatar-cosmetic,npack,false,,object/itemCFG.py,confirmed-client-config
2748,射击枪,avatar-cosmetic,npack,false,,object/itemCFG.py,confirmed-client-config
2750,世界杯,avatar-cosmetic,npack,false,,object/itemCFG.py,confirmed-client-config
2755,圣火衣,avatar-cosmetic,cladorn,false,,object/itemCFG.py,confirmed-client-config
2756,奥运五环,account-item,huanying,false,,object/itemCFG.py,confirmed-client-config
2757,传火炬糖泡,account-item,bomb,false,,object/itemCFG.py,confirmed-client-config
2759,爱中国挂饰,profile-decoration,frame,false,,object/itemCFG.py,confirmed-client-config
2760,中国加油！,avatar-cosmetic,cap,false,,object/itemCFG.py,confirmed-client-config
2761,我的中国心,profile-decoration,bg,false,,object/itemCFG.py,confirmed-client-config
2762,中国心糖泡,account-item,bomb,false,,object/itemCFG.py,confirmed-client-config
2763,中国心脚印,account-item,footprint,false,,object/itemCFG.py,confirmed-client-config
2770,卡卡22号球衣,avatar-cosmetic,cladorn,false,,object/itemCFG.py,confirmed-client-config
2775,F1-威廉姆斯08战车,avatar-cosmetic,ear,false,,object/itemCFG.py,confirmed-client-config
2776,F1-宝马08战车,avatar-cosmetic,ear,false,,object/itemCFG.py,confirmed-client-config
2777,F1-迈凯轮08战车,avatar-cosmetic,ear,false,,object/itemCFG.py,confirmed-client-config
2778,F1-雷诺08战车,avatar-cosmetic,ear,false,,object/itemCFG.py,confirmed-client-config
2850,休斯敦火箭背景,profile-decoration,bg,false,,object/itemCFG.py,confirmed-client-config
2851,凯尔特人背景,profile-decoration,bg,false,,object/itemCFG.py,confirmed-client-config
2852,卡通小猫背景,profile-decoration,bg,false,,object/itemCFG.py,confirmed-client-config
2853,酷比背景,profile-decoration,bg,false,,object/itemCFG.py,confirmed-client-config
2854,英雄战场,profile-decoration,bg,false,,object/itemCFG.py,confirmed-client-config
2855,包子分店,profile-decoration,bg,false,,object/itemCFG.py,confirmed-client-config
2856,机械城地图,profile-decoration,bg,false,,object/itemCFG.py,confirmed-client-config
2857,爱心沙漠地图,profile-decoration,bg,false,,object/itemCFG.py,confirmed-client-config
2858,湖人王朝复苏,profile-decoration,bg,false,,object/itemCFG.py,confirmed-client-config
2859,火箭队队标,profile-decoration,bg,false,,object/itemCFG.py,confirmed-client-config
2860,头文字D背景,profile-decoration,bg,false,,object/itemCFG.py,confirmed-client-config
2861,QQ堂格斗之王,profile-decoration,bg,false,,object/itemCFG.py,confirmed-client-config
2862,侍魂背景,profile-decoration,bg,false,,object/itemCFG.py,confirmed-client-config
2863,侍魂背景2,profile-decoration,bg,false,,object/itemCFG.py,confirmed-client-config
2864,武林皇帝背景,profile-decoration,bg,false,,object/itemCFG.py,confirmed-client-config
2873,钢铁酷比糖泡,account-item,bomb,false,,object/itemCFG.py,confirmed-client-config
2874,祖玛糖泡,account-item,bomb,false,,object/itemCFG.py,confirmed-client-config
2875,小猴糖泡,account-item,bomb,false,,object/itemCFG.py,confirmed-client-config
2876,泡泡龙糖泡,account-item,bomb,false,,object/itemCFG.py,confirmed-client-config
2877,MVP糖泡,account-item,bomb,false,,object/itemCFG.py,confirmed-client-config
2878,代号D糖泡,account-item,bomb,false,,object/itemCFG.py,confirmed-client-config
2879,侍魂糖泡,account-item,bomb,false,,object/itemCFG.py,confirmed-client-config
2880,热包子糖泡,account-item,bomb,false,,object/itemCFG.py,confirmed-client-config
2881,天圣神盔,avatar-cosmetic,cap,false,,object/itemCFG.py,confirmed-client-config
2882,丑小鸭-头饰,avatar-cosmetic,cap,false,,object/itemCFG.py,confirmed-client-config
2883,蘑菇头情侣装-男,avatar-cosmetic,cap,false,,object/itemCFG.py,confirmed-client-config
2884,蘑菇头情侣装-女,avatar-cosmetic,cap,false,,object/itemCFG.py,confirmed-client-config
2885,爆笑仙人掌,avatar-cosmetic,cap,false,,object/itemCFG.py,confirmed-client-config
2886,紫色水晶公主冠,avatar-cosmetic,thadorn,false,,object/itemCFG.py,confirmed-client-config
2889,K帅气银发,avatar-cosmetic,cap,false,,object/itemCFG.py,confirmed-client-config
2890,ASH妖柔白发,avatar-cosmetic,cap,false,,object/itemCFG.py,confirmed-client-config
2891,KEN金发,avatar-cosmetic,cap,false,,object/itemCFG.py,confirmed-client-config
2892,RYO面容,avatar-cosmetic,cap,false,,object/itemCFG.py,confirmed-client-config
2893,中国心发夹,avatar-cosmetic,eye,false,,object/itemCFG.py,confirmed-client-config
2897,竞技场参赛点,account-item,platform,false,,object/itemCFG.py,confirmed-client-config
2898,丑小鸭-衣服,avatar-cosmetic,cladorn,false,,object/itemCFG.py,confirmed-client-config
2899,蘑菇头情侣装-男,avatar-cosmetic,cladorn,false,,object/itemCFG.py,confirmed-client-config
2900,蘑菇头情侣装-女,avatar-cosmetic,cladorn,false,,object/itemCFG.py,confirmed-client-config
2901,沙漠仙人掌衣服,avatar-cosmetic,cladorn,false,,object/itemCFG.py,confirmed-client-config
2903,超级雪橇车,avatar-cosmetic,ear,false,,object/itemCFG.py,confirmed-client-config
2909,K黑皮衣,avatar-cosmetic,cladorn,false,,object/itemCFG.py,confirmed-client-config
2910,ASH红色战衣,avatar-cosmetic,cladorn,false,,object/itemCFG.py,confirmed-client-config
2912,RYO格斗服,avatar-cosmetic,cladorn,false,,object/itemCFG.py,confirmed-client-config
2913,侍魂衣服,avatar-cosmetic,cladorn,false,,object/itemCFG.py,confirmed-client-config
2914,天使套装,avatar-cosmetic,cladorn,false,,object/itemCFG.py,confirmed-client-config
2916,骷髅开场,profile-decoration,enter,false,,object/itemCFG.py,confirmed-client-config
2917,NBA脚步,account-item,footprint,false,,object/itemCFG.py,confirmed-client-config
2918,牛奶巧克力脚印,account-item,footprint,false,,object/itemCFG.py,confirmed-client-config
2919,死神,avatar-cosmetic,fpack,false,,object/itemCFG.py,confirmed-client-config
2920,泡泡龙翅膀,avatar-cosmetic,fpack,false,,object/itemCFG.py,confirmed-client-config
2921,幻彩之翼,avatar-cosmetic,fpack,false,,object/itemCFG.py,confirmed-client-config
2922,天使翅翼,avatar-cosmetic,fpack,false,,object/itemCFG.py,confirmed-client-config
2923,贪财小包子,profile-decoration,frame,false,,object/itemCFG.py,confirmed-client-config
2924,閃亮馬刺邊框,profile-decoration,frame,false,,object/itemCFG.py,confirmed-client-config
2925,体力槽,profile-decoration,frame,false,,object/itemCFG.py,confirmed-client-config
2926,泡泡龙珠幻影,account-item,huanying,false,,object/itemCFG.py,confirmed-client-config
2927,守护幻影,account-item,huanying,false,,object/itemCFG.py,confirmed-client-config
2928,蜂追人,account-item,huanying,false,,object/itemCFG.py,confirmed-client-config
2929,点点萤火,account-item,huanying,false,,object/itemCFG.py,confirmed-client-config
2930,篮球幻影,account-item,huanying,false,,object/itemCFG.py,confirmed-client-config
2931,仙人掌棒子,avatar-cosmetic,npack,false,,object/itemCFG.py,confirmed-client-config
2932,沙漠蝎子尾,avatar-cosmetic,npack,false,,object/itemCFG.py,confirmed-client-config
2936,宝石能量,avatar-cosmetic,npack,false,,object/itemCFG.py,confirmed-client-config
2937,包子辫,avatar-cosmetic,cap,false,,object/itemCFG.py,confirmed-client-config
2938,天使光环,avatar-cosmetic,thadorn,false,,object/itemCFG.py,confirmed-client-config
2939,粽子糖泡,account-item,bomb,false,,object/itemCFG.py,confirmed-client-config
2940,粽子背景,profile-decoration,bg,false,,object/itemCFG.py,confirmed-client-config
2953,宝贝赛背景,profile-decoration,bg,false,,object/itemCFG.py,confirmed-client-config
2954,08宝贝单天人气花冠,avatar-cosmetic,cap,false,,object/itemCFG.py,confirmed-client-config
2955,宝贝铜色花冠,avatar-cosmetic,eye,false,,object/itemCFG.py,confirmed-client-config
2956,宝贝银色花冠,avatar-cosmetic,eye,false,,object/itemCFG.py,confirmed-client-config
2957,宝贝金色花冠,avatar-cosmetic,eye,false,,object/itemCFG.py,confirmed-client-config
2958,金牌背景,profile-decoration,bg,false,,object/itemCFG.py,confirmed-client-config
2959,红樱桃背景,profile-decoration,bg,false,,object/itemCFG.py,confirmed-client-config
2960,舞动中国,profile-decoration,bg,false,,object/itemCFG.py,confirmed-client-config
2962,爱心摆动,profile-decoration,bg,false,,object/itemCFG.py,confirmed-client-config
2963,蝶水晶糖泡,account-item,bomb,false,,object/itemCFG.py,confirmed-client-config
2964,骰子糖泡,account-item,bomb,false,,object/itemCFG.py,confirmed-client-config
2965,满天星糖泡,account-item,bomb,false,,object/itemCFG.py,confirmed-client-config
2966,水壶糖泡,account-item,bomb,false,,object/itemCFG.py,confirmed-client-config
2967,水晶心糖泡,account-item,bomb,false,,object/itemCFG.py,confirmed-client-config
2968,中华龙糖泡,account-item,bomb,false,,object/itemCFG.py,confirmed-client-config
2969,中华英雄糖泡,account-item,bomb,false,,object/itemCFG.py,confirmed-client-config
2970,血色玫瑰糖泡,account-item,bomb,false,,object/itemCFG.py,confirmed-client-config
2971,戒爱糖泡,account-item,bomb,false,,object/itemCFG.py,confirmed-client-config
2972,青花瓷糖泡,account-item,bomb,false,,object/itemCFG.py,confirmed-client-config
2973,透明脑颅,avatar-cosmetic,cap,false,,object/itemCFG.py,confirmed-client-config
2974,悟空头饰,avatar-cosmetic,cap,false,,object/itemCFG.py,confirmed-client-config
2975,夏日草莓,avatar-cosmetic,cap,false,,object/itemCFG.py,confirmed-client-config
2977,潮爆1-朋克头,avatar-cosmetic,cap,false,,object/itemCFG.py,confirmed-client-config
2978,潮爆2-鸟巢头,avatar-cosmetic,cap,false,,object/itemCFG.py,confirmed-client-config
2979,女巫帽,avatar-cosmetic,cap,false,,object/itemCFG.py,confirmed-client-config
2980,星际恶魔,avatar-cosmetic,cap,false,,object/itemCFG.py,confirmed-client-config
2981,中华战士头盔,avatar-cosmetic,cap,false,,object/itemCFG.py,confirmed-client-config
2982,Queen黄金之冠,avatar-cosmetic,eye,false,,object/itemCFG.py,confirmed-client-config
2983,爱心蝴蝶节,avatar-cosmetic,eye,false,,object/itemCFG.py,confirmed-client-config
2984,祈福天使之冠,avatar-cosmetic,eye,false,,object/itemCFG.py,confirmed-client-config
2985,悟空服饰,avatar-cosmetic,cladorn,false,,object/itemCFG.py,confirmed-client-config
2986,我行我酷,avatar-cosmetic,cladorn,false,,object/itemCFG.py,confirmed-client-config
2987,豹纹卫衣,avatar-cosmetic,cladorn,false,,object/itemCFG.py,confirmed-client-config
2988,彩梦芭蕾,avatar-cosmetic,cladorn,false,,object/itemCFG.py,confirmed-client-config
2989,潮爆1-漆皮装,avatar-cosmetic,cladorn,false,,object/itemCFG.py,confirmed-client-config
2990,潮爆2-粉色西装,avatar-cosmetic,cladorn,false,,object/itemCFG.py,confirmed-client-config
2991,仕女裙子,avatar-cosmetic,cladorn,false,,object/itemCFG.py,confirmed-client-config
2992,中华天罡战甲,avatar-cosmetic,cladorn,false,,object/itemCFG.py,confirmed-client-config
2993,飞机,avatar-cosmetic,ear,false,,object/itemCFG.py,confirmed-client-config
2999,奥运泳衣,avatar-cosmetic,cladorn,false,,object/itemCFG.py,confirmed-client-config
3000,和平天使丝绒裙,avatar-cosmetic,cladorn,false,,object/itemCFG.py,confirmed-client-config
3001,QQ堂泳装,avatar-cosmetic,cladorn,false,,object/itemCFG.py,confirmed-client-config
3002,祈福天使之裙,avatar-cosmetic,cladorn,false,,object/itemCFG.py,confirmed-client-config
3004,天佑神符,account-item,footprint,false,,object/itemCFG.py,confirmed-client-config
3005,龙之脚印,account-item,footprint,false,,object/itemCFG.py,confirmed-client-config
3006,紫焰翅膀,avatar-cosmetic,fpack,false,,object/itemCFG.py,confirmed-client-config
3007,灵慧神符,avatar-cosmetic,fpack,false,,object/itemCFG.py,confirmed-client-config
3008,公主边框,profile-decoration,frame,false,,object/itemCFG.py,confirmed-client-config
3009,爱的气球,profile-decoration,frame,false,,object/itemCFG.py,confirmed-client-config
3010,扑克牌,profile-decoration,frame,false,,object/itemCFG.py,confirmed-client-config
3011,祝福边框,profile-decoration,frame,false,,object/itemCFG.py,confirmed-client-config
3013,水果幻影,account-item,huanying,false,,object/itemCFG.py,confirmed-client-config
3014,纷爱幻影,account-item,huanying,false,,object/itemCFG.py,confirmed-client-config
3015,惊鬼神符,account-item,huanying,false,,object/itemCFG.py,confirmed-client-config
3016,水珠幻影,account-item,huanying,false,,object/itemCFG.py,confirmed-client-config
3017,彩梦芭蕾头饰,avatar-cosmetic,eye,false,,object/itemCFG.py,confirmed-client-config
3018,潮爆1-假面眼镜,avatar-cosmetic,mouth,false,,object/itemCFG.py,confirmed-client-config
3019,潮爆2-红框墨镜,avatar-cosmetic,mouth,false,,object/itemCFG.py,confirmed-client-config
3020,中华天罡战甲-头盔,avatar-cosmetic,eye,false,,object/itemCFG.py,confirmed-client-config
3021,草莓口罩,avatar-cosmetic,mouth,false,,object/itemCFG.py,confirmed-client-config
3024,如意金箍棒,avatar-cosmetic,npack,false,,object/itemCFG.py,confirmed-client-config
3025,仕女神杖,avatar-cosmetic,npack,false,,object/itemCFG.py,confirmed-client-config
3027,甜筒背包,avatar-cosmetic,npack,false,,object/itemCFG.py,confirmed-client-config
3028,中华震天锤,avatar-cosmetic,npack,false,,object/itemCFG.py,confirmed-client-config
3030,体操丝带,avatar-cosmetic,npack,false,,object/itemCFG.py,confirmed-client-config
3033,黄金之剑,avatar-cosmetic,npack,false,,object/itemCFG.py,confirmed-client-config
3034,小兔lulu,avatar-cosmetic,cap,false,,object/itemCFG.py,confirmed-client-config
3035,天使的庇佑,avatar-cosmetic,thadorn,false,,object/itemCFG.py,confirmed-client-config
3036,唐僧头饰,avatar-cosmetic,cap,false,,object/itemCFG.py,confirmed-client-config
3037,沙僧头饰,avatar-cosmetic,cap,false,,object/itemCFG.py,confirmed-client-config
3038,八戒头饰,avatar-cosmetic,cap,false,,object/itemCFG.py,confirmed-client-config
3039,星际恶魔身体,avatar-cosmetic,cladorn,false,,object/itemCFG.py,confirmed-client-config
3040,八戒服饰,avatar-cosmetic,cladorn,false,,object/itemCFG.py,confirmed-client-config
3041,沙僧服饰,avatar-cosmetic,cladorn,false,,object/itemCFG.py,confirmed-client-config
3042,唐僧服饰,avatar-cosmetic,cladorn,false,,object/itemCFG.py,confirmed-client-config
3043,龙舟,avatar-cosmetic,ear,false,,object/itemCFG.py,confirmed-client-config
3044,KING战袍,avatar-cosmetic,cladorn,false,,object/itemCFG.py,confirmed-client-config
3045,爱心衣,avatar-cosmetic,cladorn,false,,object/itemCFG.py,confirmed-client-config
3046,冥袭噬血剑,avatar-cosmetic,fpack,false,,object/itemCFG.py,confirmed-client-config
3047,影羽鹰爪弓,avatar-cosmetic,fpack,false,,object/itemCFG.py,confirmed-client-config
3048,太御龙呤枪,avatar-cosmetic,fpack,false,,object/itemCFG.py,confirmed-client-config
3049,骁骑战狼斧,avatar-cosmetic,fpack,false,,object/itemCFG.py,confirmed-client-config
3050,羽林斩马刀,avatar-cosmetic,fpack,false,,object/itemCFG.py,confirmed-client-config
3607,苹果糖泡,account-item,bomb,false,,object/itemCFG.py,confirmed-client-config
3609,冲浪帽,avatar-cosmetic,cap,false,,object/itemCFG.py,confirmed-client-config
3610,僵尸官帽,avatar-cosmetic,cap,false,,object/itemCFG.py,confirmed-client-config
3612,橄榄头圈,avatar-cosmetic,cap,false,,object/itemCFG.py,confirmed-client-config
3613,猫妖头饰,avatar-cosmetic,cap,false,,object/itemCFG.py,confirmed-client-config
3614,糖果帽,avatar-cosmetic,cap,false,,object/itemCFG.py,confirmed-client-config
3615,双子魅影冠,avatar-cosmetic,cap,false,,object/itemCFG.py,confirmed-client-config
3616,粉蝶夹,avatar-cosmetic,cap,false,,object/itemCFG.py,confirmed-client-config
3617,囧小哥,avatar-cosmetic,cap,false,,object/itemCFG.py,confirmed-client-config
3618,囧小妹,avatar-cosmetic,cap,false,,object/itemCFG.py,confirmed-client-config
3621,香蕉先生,avatar-cosmetic,cap,false,,object/itemCFG.py,confirmed-client-config
3622,小白鼠帽,avatar-cosmetic,cap,false,,object/itemCFG.py,confirmed-client-config
3623,蓝色情调帽,avatar-cosmetic,cap,false,,object/itemCFG.py,confirmed-client-config
3624,Cool帽一族,avatar-cosmetic,cap,false,,object/itemCFG.py,confirmed-client-config
3625,哈韩帽,avatar-cosmetic,cap,false,,object/itemCFG.py,confirmed-client-config
3626,冰点摆酷,avatar-cosmetic,mouth,false,,object/itemCFG.py,confirmed-client-config
3629,粉色之恋,avatar-cosmetic,cap,false,,object/itemCFG.py,confirmed-client-config
3630,大碗菜包子头,avatar-cosmetic,cap,false,,object/itemCFG.py,confirmed-client-config
3631,雪孩子头饰,avatar-cosmetic,cap,false,,object/itemCFG.py,confirmed-client-config
3632,小猪情侣帽-女,avatar-cosmetic,cap,false,,object/itemCFG.py,confirmed-client-config
3633,小猪情侣帽-男,avatar-cosmetic,cap,false,,object/itemCFG.py,confirmed-client-config
3635,橄枝桂冠,avatar-cosmetic,cap,false,,object/itemCFG.py,confirmed-client-config
3636,恩爱咕咕鸡,avatar-cosmetic,thadorn,false,,object/itemCFG.py,confirmed-client-config
3637,红星包包,avatar-cosmetic,cladorn,false,,object/itemCFG.py,confirmed-client-config
3638,难忘童年,avatar-cosmetic,cladorn,false,,object/itemCFG.py,confirmed-client-config
3641,潮人,avatar-cosmetic,cladorn,false,,object/itemCFG.py,confirmed-client-config
3642,僵尸官服,avatar-cosmetic,cladorn,false,,object/itemCFG.py,confirmed-client-config
3643,邻家女孩背带裙,avatar-cosmetic,cladorn,false,,object/itemCFG.py,confirmed-client-config
3644,草莓冰激凌推车,avatar-cosmetic,ear,false,,object/itemCFG.py,confirmed-client-config
3646,粉蝶裙,avatar-cosmetic,cladorn,false,,object/itemCFG.py,confirmed-client-config
3647,光明绅士服,avatar-cosmetic,cladorn,false,,object/itemCFG.py,confirmed-client-config
3648,可爱睡袍,avatar-cosmetic,cladorn,false,,object/itemCFG.py,confirmed-client-config
3649,BB装,avatar-cosmetic,cladorn,false,,object/itemCFG.py,confirmed-client-config
3650,蓝色情调服,avatar-cosmetic,cladorn,false,,object/itemCFG.py,confirmed-client-config
3651,Cool装一族,avatar-cosmetic,cladorn,false,,object/itemCFG.py,confirmed-client-config
3652,哈韩服,avatar-cosmetic,cladorn,false,,object/itemCFG.py,confirmed-client-config
3653,碗装菜包子,avatar-cosmetic,ear,false,,object/itemCFG.py,confirmed-client-config
3654,雪孩子,avatar-cosmetic,cladorn,false,,object/itemCFG.py,confirmed-client-config
3655,小猪情侣服-女,avatar-cosmetic,cladorn,false,,object/itemCFG.py,confirmed-client-config
3656,小猪情侣服-男,avatar-cosmetic,cladorn,false,,object/itemCFG.py,confirmed-client-config
3658,超级飞艇[勇气,avatar-cosmetic,ear,false,,object/itemCFG.py,confirmed-client-config
3660,婴儿车,avatar-cosmetic,ear,false,,object/itemCFG.py,confirmed-client-config
3662,爱的信封,avatar-cosmetic,npack,false,,object/itemCFG.py,confirmed-client-config
3663,魅影披风,avatar-cosmetic,npack,false,,object/itemCFG.py,confirmed-client-config
3664,荣耀披风,avatar-cosmetic,npack,false,,object/itemCFG.py,confirmed-client-config
3666,鸟巢,profile-decoration,bg,false,,object/itemCFG.py,confirmed-client-config
3667,万众瞩目,profile-decoration,bg,false,,object/itemCFG.py,confirmed-client-config
3669,爱你无声,profile-decoration,bg,false,,object/itemCFG.py,confirmed-client-config
3670,蓝心草,profile-decoration,bg,false,,object/itemCFG.py,confirmed-client-config
3671,晶色城堡,profile-decoration,bg,false,,object/itemCFG.py,confirmed-client-config
3673,酷比之星,profile-decoration,bg,false,,object/itemCFG.py,confirmed-client-config
3674,酷比祥云,profile-decoration,bg,false,,object/itemCFG.py,confirmed-client-config
3675,模范夫妻勋章,profile-decoration,frame,false,,object/itemCFG.py,confirmed-client-config
3676,财源滚滚来,profile-decoration,frame,false,,object/itemCFG.py,confirmed-client-config
3677,北京欢迎您,profile-decoration,frame,false,,object/itemCFG.py,confirmed-client-config
3678,泡泡澡,profile-decoration,frame,false,,object/itemCFG.py,confirmed-client-config
3679,激情火焰,profile-decoration,frame,false,,object/itemCFG.py,confirmed-client-config
3680,奥运彩带,profile-decoration,frame,false,,object/itemCFG.py,confirmed-client-config
3681,心系奥运,profile-decoration,frame,false,,object/itemCFG.py,confirmed-client-config
3682,月牙糖泡,account-item,bomb,false,,object/itemCFG.py,confirmed-client-config
3684,亚当糖泡,account-item,bomb,false,,object/itemCFG.py,confirmed-client-config
3685,夏娃糖泡,account-item,bomb,false,,object/itemCFG.py,confirmed-client-config
3686,毛线团糖泡,account-item,bomb,false,,object/itemCFG.py,confirmed-client-config
3687,棒球糖泡,account-item,bomb,false,,object/itemCFG.py,confirmed-client-config
3688,万圣南瓜糖泡,account-item,bomb,false,,object/itemCFG.py,confirmed-client-config
3689,黑得掉渣,account-item,huanying,false,,object/itemCFG.py,confirmed-client-config
3690,五星上将,account-item,huanying,false,,object/itemCFG.py,confirmed-client-config
3691,哭哭幻影,account-item,huanying,false,,object/itemCFG.py,confirmed-client-config
3692,亲亲幻影,account-item,huanying,false,,object/itemCFG.py,confirmed-client-config
3693,笑笑幻影,account-item,huanying,false,,object/itemCFG.py,confirmed-client-config
3694,猪影相随,account-item,huanying,false,,object/itemCFG.py,confirmed-client-config
3695,蝴蝶·印,account-item,footprint,false,,object/itemCFG.py,confirmed-client-config
3696,酷比之迹,account-item,footprint,false,,object/itemCFG.py,confirmed-client-config
3743,中国第一,profile-decoration,bg,false,,object/itemCFG.py,confirmed-client-config
3744,中国加油,profile-decoration,bg,false,,object/itemCFG.py,confirmed-client-config
3745,金牌糖泡,account-item,bomb,false,,object/itemCFG.py,confirmed-client-config
3746,银牌糖泡,account-item,bomb,false,,object/itemCFG.py,confirmed-client-config
3747,铜牌糖泡,account-item,bomb,false,,object/itemCFG.py,confirmed-client-config
3748,08纪念·排球,account-item,bomb,false,,object/itemCFG.py,confirmed-client-config
3749,08纪念·兵乓球,account-item,bomb,false,,object/itemCFG.py,confirmed-client-config
3750,08纪念·手球,account-item,bomb,false,,object/itemCFG.py,confirmed-client-config
3751,08纪念·田径,account-item,bomb,false,,object/itemCFG.py,confirmed-client-config
3752,08纪念·网球,avatar-cosmetic,cap,false,,object/itemCFG.py,confirmed-client-config
3753,08纪念·垒球,avatar-cosmetic,cladorn,false,,object/itemCFG.py,confirmed-client-config
3754,08纪念·皮划艇,avatar-cosmetic,ear,false,,object/itemCFG.py,confirmed-client-config
3755,08纪念·拳击,avatar-cosmetic,cladorn,false,,object/itemCFG.py,confirmed-client-config
3756,08纪念·柔道,avatar-cosmetic,cladorn,false,,object/itemCFG.py,confirmed-client-config
3757,08纪念·赛艇,avatar-cosmetic,ear,false,,object/itemCFG.py,confirmed-client-config
3759,08纪念·游泳,avatar-cosmetic,cladorn,false,,object/itemCFG.py,confirmed-client-config
3762,08纪念·棒球,avatar-cosmetic,fpack,false,,object/itemCFG.py,confirmed-client-config
3763,08纪念·曲棍球,avatar-cosmetic,fpack,false,,object/itemCFG.py,confirmed-client-config
3764,08纪念·射箭,avatar-cosmetic,fpack,false,,object/itemCFG.py,confirmed-client-config
3765,08纪念·体操,avatar-cosmetic,fpack,false,,object/itemCFG.py,confirmed-client-config
3766,08纪念·羽毛球,avatar-cosmetic,fpack,false,,object/itemCFG.py,confirmed-client-config
3767,08纪念·篮球,avatar-cosmetic,eye,false,,object/itemCFG.py,confirmed-client-config
3768,08纪念·足球,avatar-cosmetic,eye,false,,object/itemCFG.py,confirmed-client-config
3774,08纪念·击剑,avatar-cosmetic,npack,false,,object/itemCFG.py,confirmed-client-config
3775,08纪念·射击,avatar-cosmetic,npack,false,,object/itemCFG.py,confirmed-client-config
3776,08纪念·举重,avatar-cosmetic,thadorn,false,,object/itemCFG.py,confirmed-client-config
3780,08纪念·帆船,profile-decoration,bg,false,,object/itemCFG.py,confirmed-client-config
3781,08纪念·马术,profile-decoration,bg,false,,object/itemCFG.py,confirmed-client-config
3782,08纪念·摔跤,profile-decoration,bg,false,,object/itemCFG.py,confirmed-client-config
3783,08纪念·铁人三项,profile-decoration,bg,false,,object/itemCFG.py,confirmed-client-config
3784,08纪念·现代五项,profile-decoration,bg,false,,object/itemCFG.py,confirmed-client-config
3785,火炬手,profile-decoration,enter,false,,object/itemCFG.py,confirmed-client-config
3786,08纪念·自行车,profile-decoration,enter,false,,object/itemCFG.py,confirmed-client-config
3787,金牌之梦,avatar-cosmetic,mouth,false,,object/itemCFG.py,confirmed-client-config
3788,银牌之梦,avatar-cosmetic,mouth,false,,object/itemCFG.py,confirmed-client-config
3789,铜牌之梦,avatar-cosmetic,mouth,false,,object/itemCFG.py,confirmed-client-config
3790,金牌前景,profile-decoration,frame,false,,object/itemCFG.py,confirmed-client-config
3791,银牌前景,profile-decoration,frame,false,,object/itemCFG.py,confirmed-client-config
3792,铜牌前景,profile-decoration,frame,false,,object/itemCFG.py,confirmed-client-config
3793,08纪念·跆拳道,avatar-cosmetic,cladorn,false,,object/itemCFG.py,confirmed-client-config
3821,创世之翼,avatar-cosmetic,fpack,false,,object/itemCFG.py,confirmed-client-config
3824,恶魔少女长发,avatar-cosmetic,cap,false,,object/itemCFG.py,confirmed-client-config
3825,木马回忆,avatar-cosmetic,ear,false,,object/itemCFG.py,confirmed-client-config
3826,白龙马,avatar-cosmetic,fpack,false,,object/itemCFG.py,confirmed-client-config
3827,月牙铲,avatar-cosmetic,npack,false,,object/itemCFG.py,confirmed-client-config
3828,禅杖,avatar-cosmetic,npack,false,,object/itemCFG.py,confirmed-client-config
3829,九齿钉钯,avatar-cosmetic,npack,false,,object/itemCFG.py,confirmed-client-config
3832,中华战士横刀,avatar-cosmetic,npack,false,,object/itemCFG.py,confirmed-client-config
3837,恶魔之触,avatar-cosmetic,fpack,false,,object/itemCFG.py,confirmed-client-config
3838,七色水球糖泡,account-item,bomb,false,,object/itemCFG.py,confirmed-client-config
3839,小强脚印,account-item,footprint,false,,object/itemCFG.py,confirmed-client-config
3840,征婚广告牌,profile-decoration,frame,false,,object/itemCFG.py,confirmed-client-config
3841,爱之糖泡,account-item,bomb,false,,object/itemCFG.py,confirmed-client-config
3842,麋鹿糖泡,account-item,bomb,false,,object/itemCFG.py,confirmed-client-config
3843,金猪糖泡,account-item,bomb,false,,object/itemCFG.py,confirmed-client-config
3844,闹钟糖泡,account-item,bomb,false,,object/itemCFG.py,confirmed-client-config
3845,柠檬糖泡,account-item,bomb,false,,object/itemCFG.py,confirmed-client-config
3846,哆来咪,account-item,huanying,false,,object/itemCFG.py,confirmed-client-config
3847,石头剪刀布,account-item,huanying,false,,object/itemCFG.py,confirmed-client-config
3848,星光大道,account-item,huanying,false,,object/itemCFG.py,confirmed-client-config
3855,豆沙月饼服,avatar-cosmetic,cladorn,false,,object/itemCFG.py,confirmed-client-config
3856,浓情月饼服,avatar-cosmetic,cladorn,false,,object/itemCFG.py,confirmed-client-config
3857,团圆月饼服,avatar-cosmetic,cladorn,false,,object/itemCFG.py,confirmed-client-config
3858,双黄莲蓉月饼服,avatar-cosmetic,cladorn,false,,object/itemCFG.py,confirmed-client-config
3859,月饼头,avatar-cosmetic,cap,false,,object/itemCFG.py,confirmed-client-config
3860,明月背景,profile-decoration,bg,false,,object/itemCFG.py,confirmed-client-config
3862,月饼脚印,account-item,footprint,false,,object/itemCFG.py,confirmed-client-config
3864,嫦娥,avatar-cosmetic,fpack,false,,object/itemCFG.py,confirmed-client-config
3867,Baby绒帽,avatar-cosmetic,cap,false,,object/itemCFG.py,confirmed-client-config
3868,粉蓝小记,avatar-cosmetic,cap,false,,object/itemCFG.py,confirmed-client-config
3869,潮爆帽,avatar-cosmetic,cap,false,,object/itemCFG.py,confirmed-client-config
3870,将军头盔,avatar-cosmetic,cap,false,,object/itemCFG.py,confirmed-client-config
3872,绵羊弯弯角,avatar-cosmetic,cap,false,,object/itemCFG.py,confirmed-client-config
3873,功夫熊猫眼,avatar-cosmetic,mouth,false,,object/itemCFG.py,confirmed-client-config
3874,竖蝶,avatar-cosmetic,eye,false,,object/itemCFG.py,confirmed-client-config
3875,花色瞬间,avatar-cosmetic,eye,false,,object/itemCFG.py,confirmed-client-config
3878,Baby爬行服,avatar-cosmetic,cladorn,false,,object/itemCFG.py,confirmed-client-config
3879,将军护甲,avatar-cosmetic,cladorn,false,,object/itemCFG.py,confirmed-client-config
3880,潮流短裙,avatar-cosmetic,cladorn,false,,object/itemCFG.py,confirmed-client-config
3881,绵羊肚脐装,avatar-cosmetic,cladorn,false,,object/itemCFG.py,confirmed-client-config
3883,转运风车,avatar-cosmetic,npack,false,,object/itemCFG.py,confirmed-client-config
3884,夜空炫心,profile-decoration,bg,false,,object/itemCFG.py,confirmed-client-config
3885,两克拉的爱情,profile-decoration,bg,false,,object/itemCFG.py,confirmed-client-config
3886,Sweet baby,profile-decoration,bg,false,,object/itemCFG.py,confirmed-client-config
3887,给心插上翅膀,profile-decoration,bg,false,,object/itemCFG.py,confirmed-client-config
3888,心碎,profile-decoration,bg,false,,object/itemCFG.py,confirmed-client-config
3889,温柔花乡,profile-decoration,bg,false,,object/itemCFG.py,confirmed-client-config
3890,格子小熊,profile-decoration,bg,false,,object/itemCFG.py,confirmed-client-config
3891,坠蓝之泪,profile-decoration,bg,false,,object/itemCFG.py,confirmed-client-config
3892,椰影斜阳,profile-decoration,bg,false,,object/itemCFG.py,confirmed-client-config
3893,太和龙尊,profile-decoration,bg,false,,object/itemCFG.py,confirmed-client-config
3894,幻彩摩天轮,profile-decoration,bg,false,,object/itemCFG.py,confirmed-client-config
3895,水晶之恋,profile-decoration,frame,false,,object/itemCFG.py,confirmed-client-config
3896,雪糕滋味,profile-decoration,frame,false,,object/itemCFG.py,confirmed-client-config
3897,熊猫糖泡,account-item,bomb,false,,object/itemCFG.py,confirmed-client-config
3898,花忆前朝,avatar-cosmetic,cap,false,,object/itemCFG.py,confirmed-client-config
3900,ET飞行玻罩,avatar-cosmetic,cap,false,,object/itemCFG.py,confirmed-client-config
3901,噩梦神苍发,avatar-cosmetic,cap,false,,object/itemCFG.py,confirmed-client-config
3902,噩梦神幽面,avatar-cosmetic,mouth,false,,object/itemCFG.py,confirmed-client-config
3904,古韵前朝,avatar-cosmetic,cladorn,false,,object/itemCFG.py,confirmed-client-config
3905,ET飞行器,avatar-cosmetic,ear,false,,object/itemCFG.py,confirmed-client-config
3906,噩梦神幻躯,avatar-cosmetic,cladorn,false,,object/itemCFG.py,confirmed-client-config
3907,珍爱-左,avatar-cosmetic,mouth,false,,object/itemCFG.py,confirmed-client-config
3908,珍爱-右,avatar-cosmetic,mouth,false,,object/itemCFG.py,confirmed-client-config
3909,捣药小玉兔,profile-decoration,enter,false,,object/itemCFG.py,confirmed-client-config
3910,光之糖泡,account-item,bomb,false,,object/itemCFG.py,confirmed-client-config
3911,三叶草糖泡,account-item,bomb,false,,object/itemCFG.py,confirmed-client-config
3912,四叶草糖泡,account-item,bomb,false,,object/itemCFG.py,confirmed-client-config
3913,五叶草糖泡[积分,account-item,bomb,false,,object/itemCFG.py,confirmed-client-config
3914,搞怪帽,avatar-cosmetic,cap,false,,object/itemCFG.py,confirmed-client-config
3915,性感护士帽,avatar-cosmetic,cap,false,,object/itemCFG.py,confirmed-client-config
3916,电闪雷鸣,account-item,huanying,false,,object/itemCFG.py,confirmed-client-config
3925,nhbc糖泡,account-item,bomb,false,,object/itemCFG.py,confirmed-client-config
3926,国粹风暴冠-女,avatar-cosmetic,cap,false,,object/itemCFG.py,confirmed-client-config
3927,国粹风暴冠-男,avatar-cosmetic,cap,false,,object/itemCFG.py,confirmed-client-config
3928,爆酷V仔头,avatar-cosmetic,cap,false,,object/itemCFG.py,confirmed-client-config
3929,丝绒美女头饰,avatar-cosmetic,cap,false,,object/itemCFG.py,confirmed-client-config
3931,太阳之光[积分,avatar-cosmetic,thadorn,false,,object/itemCFG.py,confirmed-client-config
3932,月亮之光[积分,avatar-cosmetic,thadorn,false,,object/itemCFG.py,confirmed-client-config
3933,丝绒美女裙,avatar-cosmetic,cladorn,false,,object/itemCFG.py,confirmed-client-config
3934,爆酷V仔装,avatar-cosmetic,cladorn,false,,object/itemCFG.py,confirmed-client-config
3935,国粹风暴服-女,avatar-cosmetic,cladorn,false,,object/itemCFG.py,confirmed-client-config
3936,国粹风暴服-男,avatar-cosmetic,cladorn,false,,object/itemCFG.py,confirmed-client-config
3937,神雕侠侣袍-男[勇气,avatar-cosmetic,cladorn,false,,object/itemCFG.py,confirmed-client-config
3938,神雕侠侣袍-女[勇气,avatar-cosmetic,cladorn,false,,object/itemCFG.py,confirmed-client-config
3939,人间大炮[勇气,avatar-cosmetic,npack,false,,object/itemCFG.py,confirmed-client-config
3940,爱神白羽翼,avatar-cosmetic,fpack,false,,object/itemCFG.py,confirmed-client-config
3941,国粹风暴灯-女,avatar-cosmetic,eye,false,,object/itemCFG.py,confirmed-client-config
3942,国粹风暴旗-男,avatar-cosmetic,fpack,false,,object/itemCFG.py,confirmed-client-config
3943,战神甲胄[勇气,avatar-cosmetic,cladorn,false,,object/itemCFG.py,confirmed-client-config
3944,木乃伊头部,avatar-cosmetic,cap,false,,object/itemCFG.py,confirmed-client-config
3945,地狱幻术师头饰,avatar-cosmetic,cap,false,,object/itemCFG.py,confirmed-client-config
3946,状元郎头冠,avatar-cosmetic,cap,false,,object/itemCFG.py,confirmed-client-config
3947,阿拉丁帽[积分,avatar-cosmetic,cap,false,,object/itemCFG.py,confirmed-client-config
3948,韩族宫卫帽,avatar-cosmetic,cap,false,,object/itemCFG.py,confirmed-client-config
3949,绿蛙帽,avatar-cosmetic,cap,false,,object/itemCFG.py,confirmed-client-config
3951,色迷迷,avatar-cosmetic,mouth,false,,object/itemCFG.py,confirmed-client-config
3952,幻术师面具,avatar-cosmetic,mouth,false,,object/itemCFG.py,confirmed-client-config
3953,茶色遮阳镜,avatar-cosmetic,mouth,false,,object/itemCFG.py,confirmed-client-config
3954,粉色猪猪鼻,avatar-cosmetic,mouth,false,,object/itemCFG.py,confirmed-client-config
3955,骷髅面具,avatar-cosmetic,mouth,false,,object/itemCFG.py,confirmed-client-config
3956,闪烁星星眼,avatar-cosmetic,mouth,false,,object/itemCFG.py,confirmed-client-config
3957,木乃伊身体,avatar-cosmetic,cladorn,false,,object/itemCFG.py,confirmed-client-config
3958,地狱幻术师服饰,avatar-cosmetic,cladorn,false,,object/itemCFG.py,confirmed-client-config
3959,马桶,avatar-cosmetic,ear,false,,object/itemCFG.py,confirmed-client-config
3960,蓝魔盔甲,avatar-cosmetic,cladorn,false,,object/itemCFG.py,confirmed-client-config
3961,阿拉丁衣[勇气,avatar-cosmetic,cladorn,false,,object/itemCFG.py,confirmed-client-config
3963,羽翼披风,avatar-cosmetic,npack,false,,object/itemCFG.py,confirmed-client-config
3964,血法斗篷[声望,avatar-cosmetic,npack,false,,object/itemCFG.py,confirmed-client-config
3965,人鱼之音,avatar-cosmetic,npack,false,,object/itemCFG.py,confirmed-client-config
3966,包子房,profile-decoration,bg,false,,object/itemCFG.py,confirmed-client-config
3967,山崖之巅,profile-decoration,bg,false,,object/itemCFG.py,confirmed-client-config
3968,魔镜,profile-decoration,bg,false,,object/itemCFG.py,confirmed-client-config
3969,海涯,profile-decoration,bg,false,,object/itemCFG.py,confirmed-client-config
3970,血色骷髅,profile-decoration,bg,false,,object/itemCFG.py,confirmed-client-config
3971,心路,profile-decoration,bg,false,,object/itemCFG.py,confirmed-client-config
3972,爱的边框,profile-decoration,frame,false,,object/itemCFG.py,confirmed-client-config
3973,白云彩虹,profile-decoration,frame,false,,object/itemCFG.py,confirmed-client-config
3974,你是我的奴隶,profile-decoration,enter,false,,object/itemCFG.py,confirmed-client-config
3975,流金糖泡,account-item,bomb,false,,object/itemCFG.py,confirmed-client-config
3976,钱袋糖泡,account-item,bomb,false,,object/itemCFG.py,confirmed-client-config
3977,陀螺糖泡,account-item,bomb,false,,object/itemCFG.py,confirmed-client-config
3978,炸弹糖泡,account-item,bomb,false,,object/itemCFG.py,confirmed-client-config
3979,恶魔瓶糖泡,account-item,bomb,false,,object/itemCFG.py,confirmed-client-config
3980,猪之歌糖泡,account-item,bomb,false,,object/itemCFG.py,confirmed-client-config
3981,钱币幻影,account-item,huanying,false,,object/itemCFG.py,confirmed-client-config
3982,衣架幻影,account-item,huanying,false,,object/itemCFG.py,confirmed-client-config
3983,碎花脚印,account-item,footprint,false,,object/itemCFG.py,confirmed-client-config
3985,魔龙之翅[声望,avatar-cosmetic,fpack,false,,object/itemCFG.py,confirmed-client-config
3986,大头熊猫,avatar-cosmetic,cap,false,,object/itemCFG.py,confirmed-client-config
3987,潮人礼帽,avatar-cosmetic,cap,false,,object/itemCFG.py,confirmed-client-config
3988,绿蛙装甲车,avatar-cosmetic,ear,false,,object/itemCFG.py,confirmed-client-config
3989,战神头盔[声望,avatar-cosmetic,eye,false,,object/itemCFG.py,confirmed-client-config
3990,中国地图,profile-decoration,bg,false,,object/itemCFG.py,confirmed-client-config
3991,神州7号升空纪念,profile-decoration,frame,false,,object/itemCFG.py,confirmed-client-config
3992,中国糖泡[声望,account-item,bomb,false,,object/itemCFG.py,confirmed-client-config
3993,战神羽翼[积分,avatar-cosmetic,fpack,false,,object/itemCFG.py,confirmed-client-config
3994,武尊头饰,avatar-cosmetic,cap,false,,object/itemCFG.py,confirmed-client-config
3995,紫焰糖泡[声望,account-item,bomb,false,,object/itemCFG.py,confirmed-client-config
3996,波塞冬之冠[积分,avatar-cosmetic,eye,false,,object/itemCFG.py,confirmed-client-config
3997,波塞冬之胄[勇气,avatar-cosmetic,cladorn,false,,object/itemCFG.py,confirmed-client-config
3998,波塞冬之戟[声望,avatar-cosmetic,npack,false,,object/itemCFG.py,confirmed-client-config
4022,水晶玫瑰背景,profile-decoration,bg,false,,object/itemCFG.py,confirmed-client-config
4023,粉红玫瑰背景,profile-decoration,bg,false,,object/itemCFG.py,confirmed-client-config
4024,红玫瑰背景,profile-decoration,bg,false,,object/itemCFG.py,confirmed-client-config
4025,黑玫瑰背景,profile-decoration,bg,false,,object/itemCFG.py,confirmed-client-config
4026,水晶玫瑰脚印,account-item,footprint,false,,object/itemCFG.py,confirmed-client-config
4027,粉红玫瑰脚印,account-item,footprint,false,,object/itemCFG.py,confirmed-client-config
4028,红玫瑰脚印,account-item,footprint,false,,object/itemCFG.py,confirmed-client-config
4029,黑玫瑰脚印,account-item,footprint,false,,object/itemCFG.py,confirmed-client-config
4030,水晶玫瑰幻影,account-item,huanying,false,,object/itemCFG.py,confirmed-client-config
4031,粉红玫瑰幻影,account-item,huanying,false,,object/itemCFG.py,confirmed-client-config
4032,红玫瑰幻影,account-item,huanying,false,,object/itemCFG.py,confirmed-client-config
4033,黑玫瑰幻影,account-item,huanying,false,,object/itemCFG.py,confirmed-client-config
4034,水晶玫瑰糖泡,account-item,bomb,false,,object/itemCFG.py,confirmed-client-config
4035,粉红玫瑰糖泡,account-item,bomb,false,,object/itemCFG.py,confirmed-client-config
4036,红玫瑰糖泡,account-item,bomb,false,,object/itemCFG.py,confirmed-client-config
4037,黑玫瑰糖泡,account-item,bomb,false,,object/itemCFG.py,confirmed-client-config
4038,魔王头盔[积分,avatar-cosmetic,cap,false,,object/itemCFG.py,confirmed-client-config
4039,魔王幻袍[勇气,avatar-cosmetic,cladorn,false,,object/itemCFG.py,confirmed-client-config
4041,结婚纪念边框,profile-decoration,frame,false,,object/itemCFG.py,confirmed-client-config
4042,结婚纪念背景,profile-decoration,bg,false,,object/itemCFG.py,confirmed-client-config
4044,神父圣经,avatar-cosmetic,npack,false,,object/itemCFG.py,confirmed-client-config
4045,神父面部,avatar-cosmetic,mouth,false,,object/itemCFG.py,confirmed-client-config
4046,神父衣服,avatar-cosmetic,cladorn,false,,object/itemCFG.py,confirmed-client-config
4047,神父帽子,avatar-cosmetic,cap,false,,object/itemCFG.py,confirmed-client-config
4052,糖泡天书,account-item,card,false,,object/itemCFG.py,confirmed-client-config
4055,真·糖泡天书,account-item,card,false,,object/itemCFG.py,confirmed-client-config
4058,超·糖泡天书,account-item,card,false,,object/itemCFG.py,confirmed-client-config
4061,甜蜜爱情卡,account-item,card,false,,object/itemCFG.py,confirmed-client-config
4064,丘比特之箭背景,profile-decoration,bg,false,,object/itemCFG.py,confirmed-client-config
4066,相亲相爱背景,profile-decoration,bg,false,,object/itemCFG.py,confirmed-client-config
4067,相亲相爱糖泡,account-item,bomb,false,,object/itemCFG.py,confirmed-client-config
4068,完美爱人背景,profile-decoration,bg,false,,object/itemCFG.py,confirmed-client-config
4069,完美爱人糖泡,account-item,bomb,false,,object/itemCFG.py,confirmed-client-config
4070,完美爱人服饰,avatar-cosmetic,cladorn,false,,object/itemCFG.py,confirmed-client-config
4071,完美爱人头饰,avatar-cosmetic,eye,false,,object/itemCFG.py,confirmed-client-config
4072,纸袋[积分,avatar-cosmetic,cap,false,,object/itemCFG.py,confirmed-client-config
4073,呱呱奶瓶,avatar-cosmetic,mouth,false,,object/itemCFG.py,confirmed-client-config
4074,猪猪无敌,avatar-cosmetic,mouth,false,,object/itemCFG.py,confirmed-client-config
4075,花色眼纹,avatar-cosmetic,mouth,false,,object/itemCFG.py,confirmed-client-config
4076,彩虹味棒棒糖,avatar-cosmetic,mouth,false,,object/itemCFG.py,confirmed-client-config
4077,人鱼[勇气,avatar-cosmetic,cladorn,false,,object/itemCFG.py,confirmed-client-config
4078,青花琉璃,profile-decoration,bg,false,,object/itemCFG.py,confirmed-client-config
4079,童年的风车,profile-decoration,bg,false,,object/itemCFG.py,confirmed-client-config
4080,紫色迷情,profile-decoration,bg,false,,object/itemCFG.py,confirmed-client-config
4081,秋千载,profile-decoration,bg,false,,object/itemCFG.py,confirmed-client-config
4082,奈何桥,profile-decoration,bg,false,,object/itemCFG.py,confirmed-client-config
4083,三目邪光,account-item,bomb,false,,object/itemCFG.py,confirmed-client-config
4084,奶嘴糖泡,account-item,bomb,false,,object/itemCFG.py,confirmed-client-config
4085,鄙视糖泡[声望,account-item,bomb,false,,object/itemCFG.py,confirmed-client-config
4086,绿羽之翼,avatar-cosmetic,fpack,false,,object/itemCFG.py,confirmed-client-config
4087,金羽神翼[声望,avatar-cosmetic,fpack,false,,object/itemCFG.py,confirmed-client-config
4088,紫金羽翼[声望,avatar-cosmetic,fpack,false,,object/itemCFG.py,confirmed-client-config
4089,宇航头盔,avatar-cosmetic,cap,false,,object/itemCFG.py,confirmed-client-config
4090,宇航服,avatar-cosmetic,cladorn,false,,object/itemCFG.py,confirmed-client-config
4095,地刺脚印[勇气,account-item,footprint,false,,object/itemCFG.py,confirmed-client-config
4096,贪吃蛇脚印[勇气,account-item,footprint,false,,object/itemCFG.py,confirmed-client-config
4097,菊花脚印[勇气,account-item,footprint,false,,object/itemCFG.py,confirmed-client-config
4098,血滴脚印,account-item,footprint,false,,object/itemCFG.py,confirmed-client-config
4099,吹泡泡幻影,account-item,huanying,false,,object/itemCFG.py,confirmed-client-config
4100,蝙蝠幻影[积分,account-item,huanying,false,,object/itemCFG.py,confirmed-client-config
4101,英格兰帽子,avatar-cosmetic,cap,false,,object/itemCFG.py,confirmed-client-config
4103,王中王头饰[积分,avatar-cosmetic,cap,false,,object/itemCFG.py,confirmed-client-config
4104,魅卷儿,avatar-cosmetic,cap,false,,object/itemCFG.py,confirmed-client-config
4105,超人内裤[积分,avatar-cosmetic,cap,false,,object/itemCFG.py,confirmed-client-config
4106,绿魔神甲,avatar-cosmetic,cladorn,false,,object/itemCFG.py,confirmed-client-config
4108,王中王身躯[勇气,avatar-cosmetic,cladorn,false,,object/itemCFG.py,confirmed-client-config
4109,圣光之盾,avatar-cosmetic,eye,false,,object/itemCFG.py,confirmed-client-config
4110,七星翅膀,avatar-cosmetic,npack,false,,object/itemCFG.py,confirmed-client-config
4111,爱心气球,avatar-cosmetic,npack,false,,object/itemCFG.py,confirmed-client-config
4112,恶魔夜叉[声望,avatar-cosmetic,npack,false,,object/itemCFG.py,confirmed-client-config
4113,锁定目标,profile-decoration,frame,false,,object/itemCFG.py,confirmed-client-config
4114,爬爬乌龟,profile-decoration,frame,false,,object/itemCFG.py,confirmed-client-config
4115,PUCK,profile-decoration,frame,false,,object/itemCFG.py,confirmed-client-config
4120,绿色星球[声望,account-item,bomb,false,,object/itemCFG.py,confirmed-client-config
4121,福袋糖泡,account-item,bomb,false,,object/itemCFG.py,confirmed-client-config
4122,雏鸡破壳糖泡,account-item,bomb,false,,object/itemCFG.py,confirmed-client-config
4123,可爱睡帽[积分,avatar-cosmetic,cap,false,,object/itemCFG.py,confirmed-client-config
4124,小蜜蜂头饰,avatar-cosmetic,cap,false,,object/itemCFG.py,confirmed-client-config
4125,狼人·嚎,avatar-cosmetic,cap,false,,object/itemCFG.py,confirmed-client-config
4126,人马[勇气,avatar-cosmetic,cladorn,false,,object/itemCFG.py,confirmed-client-config
4127,可爱睡袍[勇气,avatar-cosmetic,cladorn,false,,object/itemCFG.py,confirmed-client-config
4128,小蜜蜂衣服,avatar-cosmetic,cladorn,false,,object/itemCFG.py,confirmed-client-config
4129,皇族战袍,avatar-cosmetic,cladorn,false,,object/itemCFG.py,confirmed-client-config
4130,哈迪斯之胄[勇气,avatar-cosmetic,cladorn,false,,object/itemCFG.py,confirmed-client-config
4131,钞票散花,profile-decoration,enter,false,,object/itemCFG.py,confirmed-client-config
4132,警告,profile-decoration,enter,false,,object/itemCFG.py,confirmed-client-config
4133,剪刀石头布,profile-decoration,enter,false,,object/itemCFG.py,confirmed-client-config
4134,莲叶荷田田,avatar-cosmetic,thadorn,false,,object/itemCFG.py,confirmed-client-config
4135,潮流发卡,avatar-cosmetic,eye,false,,object/itemCFG.py,confirmed-client-config
4136,哈迪斯之冠[积分,avatar-cosmetic,eye,false,,object/itemCFG.py,confirmed-client-config
4137,星星闪,avatar-cosmetic,cap,false,,object/itemCFG.py,confirmed-client-config
4138,地裂脚印,account-item,footprint,false,,object/itemCFG.py,confirmed-client-config
4139,哈迪斯之翼[声望,avatar-cosmetic,fpack,false,,object/itemCFG.py,confirmed-client-config
4140,花妖之竖,avatar-cosmetic,fpack,false,,object/itemCFG.py,confirmed-client-config
4141,白羽翼,avatar-cosmetic,fpack,false,,object/itemCFG.py,confirmed-client-config
4142,蓝之羽,avatar-cosmetic,fpack,false,,object/itemCFG.py,confirmed-client-config
4144,香肠嘴,avatar-cosmetic,mouth,false,,object/itemCFG.py,confirmed-client-config
4145,青城披风[声望,avatar-cosmetic,npack,false,,object/itemCFG.py,confirmed-client-config
4146,魔鬼香烟,avatar-cosmetic,npack,false,,object/itemCFG.py,confirmed-client-config
4157,门徒,avatar-cosmetic,mouth,false,,object/itemCFG.py,confirmed-client-config
4158,刺杀者,avatar-cosmetic,mouth,false,,object/itemCFG.py,confirmed-client-config
4159,时尚奶嘴[积分,avatar-cosmetic,mouth,false,,object/itemCFG.py,confirmed-client-config
4160,幽灵镜,avatar-cosmetic,mouth,false,,object/itemCFG.py,confirmed-client-config
4161,zzz,avatar-cosmetic,mouth,false,,object/itemCFG.py,confirmed-client-config
4162,机鸟喙·杖,avatar-cosmetic,npack,false,,object/itemCFG.py,confirmed-client-config
4163,凤凰尾羽[声望,avatar-cosmetic,npack,false,,object/itemCFG.py,confirmed-client-config
4164,骷髅杖[声望,avatar-cosmetic,npack,false,,object/itemCFG.py,confirmed-client-config
4166,爱情棒冰,avatar-cosmetic,npack,false,,object/itemCFG.py,confirmed-client-config
4167,小屁屁糖泡[声望,account-item,bomb,false,,object/itemCFG.py,confirmed-client-config
4168,嘻哈糖泡[声望,account-item,bomb,false,,object/itemCFG.py,confirmed-client-config
4169,日之石糖泡,account-item,bomb,false,,object/itemCFG.py,confirmed-client-config
4170,月之石糖泡,account-item,bomb,false,,object/itemCFG.py,confirmed-client-config
4171,独眼糖泡,account-item,bomb,false,,object/itemCFG.py,confirmed-client-config
4172,奶牛糖泡,account-item,bomb,false,,object/itemCFG.py,confirmed-client-config
4173,绵羊糖泡,account-item,bomb,false,,object/itemCFG.py,confirmed-client-config
4174,蘑菇头糖泡[声望,account-item,bomb,false,,object/itemCFG.py,confirmed-client-config
4175,幸运草幻影[积分,account-item,huanying,false,,object/itemCFG.py,confirmed-client-config
4176,彩带幻影,account-item,huanying,false,,object/itemCFG.py,confirmed-client-config
4177,电灯泡幻影,account-item,huanying,false,,object/itemCFG.py,confirmed-client-config
4178,best,profile-decoration,enter,false,,object/itemCFG.py,confirmed-client-config
4179,龙腾入场,profile-decoration,enter,false,,object/itemCFG.py,confirmed-client-config
4180,神龙头盔[积分,avatar-cosmetic,cap,false,,object/itemCFG.py,confirmed-client-config
4181,神龙铠甲[勇气,avatar-cosmetic,cladorn,false,,object/itemCFG.py,confirmed-client-config
4182,神龙光炮[声望,avatar-cosmetic,fpack,false,,object/itemCFG.py,confirmed-client-config
4183,赤炎头盔[积分,avatar-cosmetic,cap,false,,object/itemCFG.py,confirmed-client-config
4184,金羽头盔[积分,avatar-cosmetic,cap,false,,object/itemCFG.py,confirmed-client-config
4185,金羽铠甲[勇气,avatar-cosmetic,cladorn,false,,object/itemCFG.py,confirmed-client-config
4186,赤炎铠甲[勇气,avatar-cosmetic,cladorn,false,,object/itemCFG.py,confirmed-client-config
4187,机械足[勇气,avatar-cosmetic,ear,false,,object/itemCFG.py,confirmed-client-config
4188,金羽天翔[声望,avatar-cosmetic,fpack,false,,object/itemCFG.py,confirmed-client-config
4189,赤炎机翼[声望,avatar-cosmetic,fpack,false,,object/itemCFG.py,confirmed-client-config
4190,轰雷翼,avatar-cosmetic,fpack,false,,object/itemCFG.py,confirmed-client-config
4191,4周年糖泡[声望,account-item,bomb,false,,object/itemCFG.py,confirmed-client-config
4193,4周年背景,profile-decoration,bg,false,,object/itemCFG.py,confirmed-client-config
4194,神官羽雉,avatar-cosmetic,cap,false,,object/itemCFG.py,confirmed-client-config
4195,南瓜杰克,avatar-cosmetic,cap,false,,object/itemCFG.py,confirmed-client-config
4196,追猎者发型[积分,avatar-cosmetic,cap,false,,object/itemCFG.py,confirmed-client-config
4197,猫头鹰绒帽,avatar-cosmetic,cap,false,,object/itemCFG.py,confirmed-client-config
4198,红魔拉拉队,avatar-cosmetic,cap,false,,object/itemCFG.py,confirmed-client-config
4199,紫金冠[积分,avatar-cosmetic,cap,false,,object/itemCFG.py,confirmed-client-config
4200,猫女郎耳朵,avatar-cosmetic,cap,false,,object/itemCFG.py,confirmed-client-config
4201,乖乖虎,avatar-cosmetic,cap,false,,object/itemCFG.py,confirmed-client-config
4202,宝宝发卡,avatar-cosmetic,cap,false,,object/itemCFG.py,confirmed-client-config
4203,真爱发卡,avatar-cosmetic,cap,false,,object/itemCFG.py,confirmed-client-config
4204,天使发卡[积分,avatar-cosmetic,cap,false,,object/itemCFG.py,confirmed-client-config
4205,恶魔犄角[积分,avatar-cosmetic,eye,false,,object/itemCFG.py,confirmed-client-config
4206,神官羽衣,avatar-cosmetic,cladorn,false,,object/itemCFG.py,confirmed-client-config
4207,雪糕,avatar-cosmetic,eye,false,,object/itemCFG.py,confirmed-client-config
4208,杰克魔衣,avatar-cosmetic,cladorn,false,,object/itemCFG.py,confirmed-client-config
4209,公主裙,avatar-cosmetic,cladorn,false,,object/itemCFG.py,confirmed-client-config
4210,猫头鹰绒袄,avatar-cosmetic,cladorn,false,,object/itemCFG.py,confirmed-client-config
4211,宝宝泡泡裙,avatar-cosmetic,cladorn,false,,object/itemCFG.py,confirmed-client-config
4212,baby车,avatar-cosmetic,ear,false,,object/itemCFG.py,confirmed-client-config
4213,小动物护胸,avatar-cosmetic,mouth,false,,object/itemCFG.py,confirmed-client-config
4214,追猎者风衣[勇气,avatar-cosmetic,cladorn,false,,object/itemCFG.py,confirmed-client-config
4215,圈圈围巾,avatar-cosmetic,cladorn,false,,object/itemCFG.py,confirmed-client-config
4216,拉丁礼服,avatar-cosmetic,cladorn,false,,object/itemCFG.py,confirmed-client-config
4217,嗡嗡小蜜蜂[声望,avatar-cosmetic,fpack,false,,object/itemCFG.py,confirmed-client-config
4218,云之翼,avatar-cosmetic,fpack,false,,object/itemCFG.py,confirmed-client-config
4219,神秘手掌,account-item,footprint,false,,object/itemCFG.py,confirmed-client-config
4220,蔓藤脚印,account-item,footprint,false,,object/itemCFG.py,confirmed-client-config
4221,云端脚印,account-item,footprint,false,,object/itemCFG.py,confirmed-client-config
4222,猫和老鼠脚印[勇气,account-item,footprint,false,,object/itemCFG.py,confirmed-client-config
4223,甜甜圈脚印[勇气,account-item,footprint,false,,object/itemCFG.py,confirmed-client-config
4224,贵族神话,profile-decoration,bg,false,,object/itemCFG.py,confirmed-client-config
4225,七星螵虫,profile-decoration,bg,false,,object/itemCFG.py,confirmed-client-config
4226,爱情树,profile-decoration,bg,false,,object/itemCFG.py,confirmed-client-config
4227,骷髅童话,profile-decoration,bg,false,,object/itemCFG.py,confirmed-client-config
4228,蓝色律动,profile-decoration,bg,false,,object/itemCFG.py,confirmed-client-config
4229,银河,profile-decoration,bg,false,,object/itemCFG.py,confirmed-client-config
4230,星光,profile-decoration,bg,false,,object/itemCFG.py,confirmed-client-config
4231,情书,profile-decoration,frame,false,,object/itemCFG.py,confirmed-client-config
4232,书架,profile-decoration,frame,false,,object/itemCFG.py,confirmed-client-config
4233,蝴蝶飞呀,profile-decoration,frame,false,,object/itemCFG.py,confirmed-client-config
4234,爱情足迹,account-item,footprint,false,,object/itemCFG.py,confirmed-client-config
4235,爱情记忆,account-item,huanying,false,,object/itemCFG.py,confirmed-client-config
4236,浓浓爱恋,account-item,bomb,false,,object/itemCFG.py,confirmed-client-config
4237,糖泡卡,account-item,platform,false,,object/itemCFG.py,confirmed-client-config
4238,翅膀卡,account-item,platform,false,,object/itemCFG.py,confirmed-client-config
4239,大蝴蝶结[积分,avatar-cosmetic,cap,false,,object/itemCFG.py,confirmed-client-config
4240,铃铛,avatar-cosmetic,mouth,false,,object/itemCFG.py,confirmed-client-config
4241,粉色凤羽[声望,avatar-cosmetic,fpack,false,,object/itemCFG.py,confirmed-client-config
4242,玄冰头盔,avatar-cosmetic,cap,false,,object/itemCFG.py,confirmed-client-config
4243,玄冰铠甲,avatar-cosmetic,cladorn,false,,object/itemCFG.py,confirmed-client-config
4244,玄冰机翼,avatar-cosmetic,fpack,false,,object/itemCFG.py,confirmed-client-config
4245,银羽头盔,avatar-cosmetic,cap,false,,object/itemCFG.py,confirmed-client-config
4246,银羽铠甲,avatar-cosmetic,cladorn,false,,object/itemCFG.py,confirmed-client-config
4247,银羽天翔,avatar-cosmetic,fpack,false,,object/itemCFG.py,confirmed-client-config
4248,游戏人生,profile-decoration,bg,false,,object/itemCFG.py,confirmed-client-config
4249,游戏人生糖泡[声望,account-item,bomb,false,,object/itemCFG.py,confirmed-client-config
4250,梅兰芳背景,profile-decoration,bg,false,,object/itemCFG.py,confirmed-client-config
4252,一代宗师背景,profile-decoration,bg,false,,object/itemCFG.py,confirmed-client-config
4254,叶问武术袍[勇气,avatar-cosmetic,cladorn,false,,object/itemCFG.py,confirmed-client-config
4255,黎明面具,avatar-cosmetic,mouth,false,,object/itemCFG.py,confirmed-client-config
4256,甄子丹面具,avatar-cosmetic,mouth,false,,object/itemCFG.py,confirmed-client-config
4257,麋鹿帽,avatar-cosmetic,cap,false,,object/itemCFG.py,confirmed-client-config
4258,枫花血叶,avatar-cosmetic,eye,false,,object/itemCFG.py,confirmed-client-config
4259,圣诞十字糖泡[声望,account-item,bomb,false,,object/itemCFG.py,confirmed-client-config
4260,铃儿响叮当糖泡,account-item,bomb,false,,object/itemCFG.py,confirmed-client-config
4261,黄金圣诞糖泡,account-item,bomb,false,,object/itemCFG.py,confirmed-client-config
4262,圣诞袜幻影,account-item,huanying,false,,object/itemCFG.py,confirmed-client-config
4263,火树银花,profile-decoration,bg,false,,object/itemCFG.py,confirmed-client-config
4264,圣诞背景,profile-decoration,bg,false,,object/itemCFG.py,confirmed-client-config
4265,happy彩条爆球,profile-decoration,enter,false,,object/itemCFG.py,confirmed-client-config
4266,圣诞树帽,avatar-cosmetic,cap,false,,object/itemCFG.py,confirmed-client-config
4267,麋鹿面具,avatar-cosmetic,mouth,false,,object/itemCFG.py,confirmed-client-config
4271,麋鹿脚印,account-item,footprint,false,,object/itemCFG.py,confirmed-client-config
4272,森林之光幻影,account-item,huanying,false,,object/itemCFG.py,confirmed-client-config
4273,麋鹿圣诞杖,avatar-cosmetic,npack,false,,object/itemCFG.py,confirmed-client-config
4274,圣诞袜,avatar-cosmetic,npack,false,,object/itemCFG.py,confirmed-client-config
4275,圣诞条幅,profile-decoration,frame,false,,object/itemCFG.py,confirmed-client-config
4276,圣诞雪橇车[勇气,avatar-cosmetic,ear,false,,object/itemCFG.py,confirmed-client-config
4277,寒冰王发式[积分,avatar-cosmetic,cap,false,,object/itemCFG.py,confirmed-client-config
4278,walkman一族[积分,avatar-cosmetic,mouth,false,,object/itemCFG.py,confirmed-client-config
4279,坦克之冠,avatar-cosmetic,cap,false,,object/itemCFG.py,confirmed-client-config
4280,冰丝发式[积分,avatar-cosmetic,cap,false,,object/itemCFG.py,confirmed-client-config
4281,傻鸭帽,avatar-cosmetic,cap,false,,object/itemCFG.py,confirmed-client-config
4282,光精灵长发,avatar-cosmetic,cap,false,,object/itemCFG.py,confirmed-client-config
4283,耀星公主之冠,avatar-cosmetic,eye,false,,object/itemCFG.py,confirmed-client-config
4284,可爱兔兔衣[勇气,avatar-cosmetic,cladorn,false,,object/itemCFG.py,confirmed-client-config
4285,光精灵圣裙,avatar-cosmetic,cladorn,false,,object/itemCFG.py,confirmed-client-config
4286,耀星公主裙,avatar-cosmetic,cladorn,false,,object/itemCFG.py,confirmed-client-config
4287,小八爪,avatar-cosmetic,cladorn,false,,object/itemCFG.py,confirmed-client-config
4288,离子炮坦克[勇气,avatar-cosmetic,ear,false,,object/itemCFG.py,confirmed-client-config
4289,双管炮坦克[勇气,avatar-cosmetic,ear,false,,object/itemCFG.py,confirmed-client-config
4290,恶魔坦克,avatar-cosmetic,ear,false,,object/itemCFG.py,confirmed-client-config
4291,夜色双刃,avatar-cosmetic,cladorn,false,,object/itemCFG.py,confirmed-client-config
4292,蓝魔之泪,avatar-cosmetic,npack,false,,object/itemCFG.py,confirmed-client-config
4293,天宫御带,avatar-cosmetic,npack,false,,object/itemCFG.py,confirmed-client-config
4294,蓝冰之翼[声望,avatar-cosmetic,fpack,false,,object/itemCFG.py,confirmed-client-config
4295,耀星四翼,avatar-cosmetic,fpack,false,,object/itemCFG.py,confirmed-client-config
4296,幻蝶之舞[声望,avatar-cosmetic,fpack,false,,object/itemCFG.py,confirmed-client-config
4297,小鸟依人,avatar-cosmetic,fpack,false,,object/itemCFG.py,confirmed-client-config
4298,爱情糖泡,account-item,bomb,false,,object/itemCFG.py,confirmed-client-config
4299,花环糖泡[声望,account-item,bomb,false,,object/itemCFG.py,confirmed-client-config
4300,蓝蝴蝶结糖泡,account-item,bomb,false,,object/itemCFG.py,confirmed-client-config
4301,红蝴蝶结糖泡,account-item,bomb,false,,object/itemCFG.py,confirmed-client-config
4302,猪猪哭糖泡,account-item,bomb,false,,object/itemCFG.py,confirmed-client-config
4303,礼物糖泡[声望,account-item,bomb,false,,object/itemCFG.py,confirmed-client-config
4304,窗花幻影[积分,account-item,huanying,false,,object/itemCFG.py,confirmed-client-config
4305,沉默加速度,account-item,huanying,false,,object/itemCFG.py,confirmed-client-config
4306,里鬼脚印[勇气,account-item,footprint,false,,object/itemCFG.py,confirmed-client-config
4307,龙族脚印[勇气,account-item,footprint,false,,object/itemCFG.py,confirmed-client-config
4308,骷髅脚印[勇气,account-item,footprint,false,,object/itemCFG.py,confirmed-client-config
4309,爱情俄罗斯方块,profile-decoration,bg,false,,object/itemCFG.py,confirmed-client-config
4310,幻想之翼背景,profile-decoration,bg,false,,object/itemCFG.py,confirmed-client-config
4311,星光大道,profile-decoration,bg,false,,object/itemCFG.py,confirmed-client-config
4312,零零柒,profile-decoration,bg,false,,object/itemCFG.py,confirmed-client-config
4313,马桶雪人帽,avatar-cosmetic,cap,false,,object/itemCFG.py,confirmed-client-config
4314,温暖牌羽绒帽,avatar-cosmetic,cap,false,,object/itemCFG.py,confirmed-client-config
4315,绒缎蝴蝶结,avatar-cosmetic,eye,false,,object/itemCFG.py,confirmed-client-config
4316,太阳花发带,avatar-cosmetic,eye,false,,object/itemCFG.py,confirmed-client-config
4317,吸血鬼獠牙,avatar-cosmetic,mouth,false,,object/itemCFG.py,confirmed-client-config
4318,IvU字标,avatar-cosmetic,eye,false,,object/itemCFG.py,confirmed-client-config
4319,貂皮披风[勇气,avatar-cosmetic,cladorn,false,,object/itemCFG.py,confirmed-client-config
4320,绒缎披风,avatar-cosmetic,cladorn,false,,object/itemCFG.py,confirmed-client-config
4321,星际飞艇[勇气,avatar-cosmetic,ear,false,,object/itemCFG.py,confirmed-client-config
4322,乞讨一族,avatar-cosmetic,npack,false,,object/itemCFG.py,confirmed-client-config
4323,大脚板[勇气,account-item,footprint,false,,object/itemCFG.py,confirmed-client-config
4324,娃娃脸脚印,account-item,footprint,false,,object/itemCFG.py,confirmed-client-config
4325,雪中小屋,profile-decoration,bg,false,,object/itemCFG.py,confirmed-client-config
4326,冬季的问候,profile-decoration,bg,false,,object/itemCFG.py,confirmed-client-config
4327,新年牛市,profile-decoration,bg,false,,object/itemCFG.py,confirmed-client-config
4328,小花边框,profile-decoration,frame,false,,object/itemCFG.py,confirmed-client-config
4329,混口饭,profile-decoration,frame,false,,object/itemCFG.py,confirmed-client-config
4330,边跑边戒,profile-decoration,frame,false,,object/itemCFG.py,confirmed-client-config
4334,10格宠物栏,pet-card,petcard,false,,object/itemCFG.py,confirmed-client-config
4335,20格宠物栏,pet-card,petcard,false,,object/itemCFG.py,confirmed-client-config
4338,中国结糖泡[声望,account-item,bomb,false,,object/itemCFG.py,confirmed-client-config
4339,牛牛帽[积分,avatar-cosmetic,cap,false,,object/itemCFG.py,confirmed-client-config
4340,牛牛衣[勇气,avatar-cosmetic,cladorn,false,,object/itemCFG.py,confirmed-client-config
4341,放鞭炮,avatar-cosmetic,npack,false,,object/itemCFG.py,confirmed-client-config
4342,美人饰,avatar-cosmetic,cap,false,,object/itemCFG.py,confirmed-client-config
4343,可爱围帽-蓝,avatar-cosmetic,cap,false,,object/itemCFG.py,confirmed-client-config
4344,可爱围帽-粉,avatar-cosmetic,cap,false,,object/itemCFG.py,confirmed-client-config
4345,冰之冠,avatar-cosmetic,cap,false,,object/itemCFG.py,confirmed-client-config
4346,三眼鱼,avatar-cosmetic,cap,false,,object/itemCFG.py,confirmed-client-config
4347,蓝兔帽,avatar-cosmetic,cap,false,,object/itemCFG.py,confirmed-client-config
4348,洋装,avatar-cosmetic,cladorn,false,,object/itemCFG.py,confirmed-client-config
4349,温暖围巾,avatar-cosmetic,cladorn,false,,object/itemCFG.py,confirmed-client-config
4350,冰之甲,avatar-cosmetic,cladorn,false,,object/itemCFG.py,confirmed-client-config
4351,可爱棉袄-粉,avatar-cosmetic,cladorn,false,,object/itemCFG.py,confirmed-client-config
4352,可爱棉袄-蓝,avatar-cosmetic,cladorn,false,,object/itemCFG.py,confirmed-client-config
4353,蓝兔裙,avatar-cosmetic,cladorn,false,,object/itemCFG.py,confirmed-client-config
4354,蓝小兔,avatar-cosmetic,npack,false,,object/itemCFG.py,confirmed-client-config
4355,寒冰神戟[声望,avatar-cosmetic,npack,false,,object/itemCFG.py,confirmed-client-config
4356,小飞侠,avatar-cosmetic,fpack,false,,object/itemCFG.py,confirmed-client-config
4357,紫晶钻石糖泡[声望,account-item,bomb,false,,object/itemCFG.py,confirmed-client-config
4358,樱花糖泡[声望,account-item,bomb,false,,object/itemCFG.py,confirmed-client-config
4359,烛光糖泡[声望,account-item,bomb,false,,object/itemCFG.py,confirmed-client-config
4360,箭头幻影,account-item,huanying,false,,object/itemCFG.py,confirmed-client-config
4361,年年有余幻影,account-item,huanying,false,,object/itemCFG.py,confirmed-client-config
4362,涂鸦幻影,account-item,huanying,false,,object/itemCFG.py,confirmed-client-config
4365,神秘面纱,avatar-cosmetic,mouth,false,,object/itemCFG.py,confirmed-client-config
4366,正邪面具,avatar-cosmetic,mouth,false,,object/itemCFG.py,confirmed-client-config
4367,绅士西服,avatar-cosmetic,cladorn,false,,object/itemCFG.py,confirmed-client-config
4368,白色小西服,avatar-cosmetic,cladorn,false,,object/itemCFG.py,confirmed-client-config
4369,戒烟糖泡,account-item,bomb,false,,object/itemCFG.py,confirmed-client-config
4370,熊宝宝糖泡,account-item,bomb,false,,object/itemCFG.py,confirmed-client-config
4371,胖饺子糖泡,account-item,bomb,false,,object/itemCFG.py,confirmed-client-config
4372,草莓脚印[勇气,account-item,footprint,false,,object/itemCFG.py,confirmed-client-config
4373,腾云驾雾脚印,account-item,footprint,false,,object/itemCFG.py,confirmed-client-config
4374,元宝脚印,account-item,footprint,false,,object/itemCFG.py,confirmed-client-config
4375,雄鸡高唱,profile-decoration,bg,false,,object/itemCFG.py,confirmed-client-config
4376,梦幻家园,profile-decoration,bg,false,,object/itemCFG.py,confirmed-client-config
4377,堆雪人,profile-decoration,bg,false,,object/itemCFG.py,confirmed-client-config
4378,暖暖的泡泡浴,profile-decoration,bg,false,,object/itemCFG.py,confirmed-client-config
4379,贺岁,profile-decoration,bg,false,,object/itemCFG.py,confirmed-client-config
4380,鹿过,profile-decoration,enter,false,,object/itemCFG.py,confirmed-client-config
4381,欢乐筒,profile-decoration,enter,false,,object/itemCFG.py,confirmed-client-config
4384,淑女发髻,avatar-cosmetic,cap,false,,object/itemCFG.py,confirmed-client-config
4385,金色发髻,avatar-cosmetic,cap,false,,object/itemCFG.py,confirmed-client-config
4386,公主花环,avatar-cosmetic,cap,false,,object/itemCFG.py,confirmed-client-config
4387,黄金鱼冠,avatar-cosmetic,cap,false,,object/itemCFG.py,confirmed-client-config
4388,白银鱼冠,avatar-cosmetic,cap,false,,object/itemCFG.py,confirmed-client-config
4389,赤铜鱼冠,avatar-cosmetic,cap,false,,object/itemCFG.py,confirmed-client-config
4390,千鸟纹绒帽,avatar-cosmetic,cap,false,,object/itemCFG.py,confirmed-client-config
4391,向日葵面目,avatar-cosmetic,eye,false,,object/itemCFG.py,confirmed-client-config
4392,鬼面,avatar-cosmetic,mouth,false,,object/itemCFG.py,confirmed-client-config
4393,黑白小马甲,avatar-cosmetic,cladorn,false,,object/itemCFG.py,confirmed-client-config
4394,紫色洋装,avatar-cosmetic,cladorn,false,,object/itemCFG.py,confirmed-client-config
4395,华丽贵妇装,avatar-cosmetic,cladorn,false,,object/itemCFG.py,confirmed-client-config
4396,女神羽翼[声望,avatar-cosmetic,fpack,false,,object/itemCFG.py,confirmed-client-config
4397,精灵之羽[声望,avatar-cosmetic,fpack,false,,object/itemCFG.py,confirmed-client-config
4398,粉蝶之羽,avatar-cosmetic,fpack,false,,object/itemCFG.py,confirmed-client-config
4399,火相星尊,account-item,bomb,false,,object/itemCFG.py,confirmed-client-config
4400,地相星尊,account-item,bomb,false,,object/itemCFG.py,confirmed-client-config
4401,风相星尊,account-item,bomb,false,,object/itemCFG.py,confirmed-client-config
4402,水相星尊,account-item,bomb,false,,object/itemCFG.py,confirmed-client-config
4403,熊熊脚印,account-item,footprint,false,,object/itemCFG.py,confirmed-client-config
4404,元素脚印[勇气,account-item,footprint,false,,object/itemCFG.py,confirmed-client-config
4405,墨水脚印,account-item,footprint,false,,object/itemCFG.py,confirmed-client-config
4406,心心相印,account-item,footprint,false,,object/itemCFG.py,confirmed-client-config
4407,爱情留言,profile-decoration,bg,false,,object/itemCFG.py,confirmed-client-config
4408,爱情方块,profile-decoration,bg,false,,object/itemCFG.py,confirmed-client-config
4409,白天黑夜,profile-decoration,bg,false,,object/itemCFG.py,confirmed-client-config
4410,迷人星光,profile-decoration,frame,false,,object/itemCFG.py,confirmed-client-config
4411,棒棒堂,profile-decoration,frame,false,,object/itemCFG.py,confirmed-client-config
4412,爱情岩浆,profile-decoration,frame,false,,object/itemCFG.py,confirmed-client-config
4413,暗黑熊,avatar-cosmetic,cap,false,,object/itemCFG.py,confirmed-client-config
4414,勇者之盔[积分,avatar-cosmetic,cap,false,,object/itemCFG.py,confirmed-client-config
4415,赤鸾羽冠[积分,avatar-cosmetic,cap,false,,object/itemCFG.py,confirmed-client-config
4416,衰神头部[积分,avatar-cosmetic,cap,false,,object/itemCFG.py,confirmed-client-config
4417,甜蜜女孩帽,avatar-cosmetic,cap,false,,object/itemCFG.py,confirmed-client-config
4418,甜蜜男孩帽,avatar-cosmetic,cap,false,,object/itemCFG.py,confirmed-client-config
4419,可爱小发卷,avatar-cosmetic,cap,false,,object/itemCFG.py,confirmed-client-config
4420,鱼宝宝,avatar-cosmetic,cap,false,,object/itemCFG.py,confirmed-client-config
4421,灯笼宝宝,avatar-cosmetic,eye,false,,object/itemCFG.py,confirmed-client-config
4422,玫瑰物语,avatar-cosmetic,eye,false,,object/itemCFG.py,confirmed-client-config
4423,炫彩花饰,avatar-cosmetic,eye,false,,object/itemCFG.py,confirmed-client-config
4424,阴暗鬼脸,avatar-cosmetic,mouth,false,,object/itemCFG.py,confirmed-client-config
4425,勇者之铠[勇气,avatar-cosmetic,cladorn,false,,object/itemCFG.py,confirmed-client-config
4426,爱情玫瑰花车,avatar-cosmetic,ear,false,,object/itemCFG.py,confirmed-client-config
4427,沙漠王者袍,avatar-cosmetic,cladorn,false,,object/itemCFG.py,confirmed-client-config
4428,赤鸾袍[勇气,avatar-cosmetic,cladorn,false,,object/itemCFG.py,confirmed-client-config
4429,衰神袍[勇气,avatar-cosmetic,cladorn,false,,object/itemCFG.py,confirmed-client-config
4430,甜蜜女孩围巾,avatar-cosmetic,cladorn,false,,object/itemCFG.py,confirmed-client-config
4431,甜蜜男孩围巾,avatar-cosmetic,cladorn,false,,object/itemCFG.py,confirmed-client-config
4432,花格子连衣裙,avatar-cosmetic,cladorn,false,,object/itemCFG.py,confirmed-client-config
4433,疯狂电锯,avatar-cosmetic,npack,false,,object/itemCFG.py,confirmed-client-config
4434,迷之伞,avatar-cosmetic,npack,false,,object/itemCFG.py,confirmed-client-config
4435,勇者圣剑[声望,avatar-cosmetic,npack,false,,object/itemCFG.py,confirmed-client-config
4436,赤鸾幻光飘带[声望,avatar-cosmetic,npack,false,,object/itemCFG.py,confirmed-client-config
4437,爱之翼柔情版[声望,avatar-cosmetic,fpack,false,,object/itemCFG.py,confirmed-client-config
4438,爱之翼酷炫版[声望,avatar-cosmetic,fpack,false,,object/itemCFG.py,confirmed-client-config
4439,心梦飞翔,profile-decoration,bg,false,,object/itemCFG.py,confirmed-client-config
4440,爱的光芒,profile-decoration,bg,false,,object/itemCFG.py,confirmed-client-config
4441,心曲,profile-decoration,bg,false,,object/itemCFG.py,confirmed-client-config
4442,心树,profile-decoration,bg,false,,object/itemCFG.py,confirmed-client-config
4443,迷宫之心,profile-decoration,bg,false,,object/itemCFG.py,confirmed-client-config
4444,甜蜜蜜,profile-decoration,bg,false,,object/itemCFG.py,confirmed-client-config
4445,紫钻贵族背景,profile-decoration,bg,false,,object/itemCFG.py,confirmed-client-config
4446,紫钻皇帝背景,profile-decoration,bg,false,,object/itemCFG.py,confirmed-client-config
4447,饭团泡泡,account-item,bomb,false,,object/itemCFG.py,confirmed-client-config
4448,一箭穿心[声望,account-item,bomb,false,,object/itemCFG.py,confirmed-client-config
4449,恋爱超人[声望,account-item,bomb,false,,object/itemCFG.py,confirmed-client-config
4450,财神QQ糖,account-item,bomb,false,,object/itemCFG.py,confirmed-client-config
4451,木乃伊糖泡,account-item,bomb,false,,object/itemCFG.py,confirmed-client-config
4452,加减乘除,account-item,footprint,false,,object/itemCFG.py,confirmed-client-config
4453,雪绒花[勇气,account-item,footprint,false,,object/itemCFG.py,confirmed-client-config
4454,小雪人,account-item,footprint,false,,object/itemCFG.py,confirmed-client-config
4455,幻彩人生,account-item,footprint,false,,object/itemCFG.py,confirmed-client-config
4456,豹纹礼帽,avatar-cosmetic,cap,false,,object/itemCFG.py,confirmed-client-config
4457,牛头人,avatar-cosmetic,cap,false,,object/itemCFG.py,confirmed-client-config
4458,公主波波头,avatar-cosmetic,cap,false,,object/itemCFG.py,confirmed-client-config
4459,罗莉塔,avatar-cosmetic,cap,false,,object/itemCFG.py,confirmed-client-config
4460,屠杀者面具,avatar-cosmetic,mouth,false,,object/itemCFG.py,confirmed-client-config
4461,哈瓦那雪茄,avatar-cosmetic,mouth,false,,object/itemCFG.py,confirmed-client-config
4462,鸟山明特写,avatar-cosmetic,mouth,false,,object/itemCFG.py,confirmed-client-config
4463,蝙蝠侠面具,avatar-cosmetic,mouth,false,,object/itemCFG.py,confirmed-client-config
4464,唐装super,avatar-cosmetic,cladorn,false,,object/itemCFG.py,confirmed-client-config
4465,心碎T恤,avatar-cosmetic,cladorn,false,,object/itemCFG.py,confirmed-client-config
4466,芭蕾舞裙,avatar-cosmetic,cladorn,false,,object/itemCFG.py,confirmed-client-config
4467,草群舞,avatar-cosmetic,cladorn,false,,object/itemCFG.py,confirmed-client-config
4468,晴天娃娃,avatar-cosmetic,fpack,false,,object/itemCFG.py,confirmed-client-config
4469,森林翅膀,avatar-cosmetic,fpack,false,,object/itemCFG.py,confirmed-client-config
4470,小黑屋,profile-decoration,bg,false,,object/itemCFG.py,confirmed-client-config
4471,冰雪消融,profile-decoration,bg,false,,object/itemCFG.py,confirmed-client-config
4472,春之梦,profile-decoration,bg,false,,object/itemCFG.py,confirmed-client-config
4473,死神的癖好,profile-decoration,bg,false,,object/itemCFG.py,confirmed-client-config
4474,酷比中国结,profile-decoration,frame,false,,object/itemCFG.py,confirmed-client-config
4475,便便漫天飞,profile-decoration,frame,false,,object/itemCFG.py,confirmed-client-config
4476,爱情红色相框,profile-decoration,frame,false,,object/itemCFG.py,confirmed-client-config
4477,征女友专用章,profile-decoration,enter,false,,object/itemCFG.py,confirmed-client-config
4478,征男友专用章,profile-decoration,enter,false,,object/itemCFG.py,confirmed-client-config
4479,臭屁糖泡,account-item,bomb,false,,object/itemCFG.py,confirmed-client-config
4480,熔岩糖泡,account-item,bomb,false,,object/itemCFG.py,confirmed-client-config
4481,灵体结晶糖泡[声望,account-item,bomb,false,,object/itemCFG.py,confirmed-client-config
4482,怨灵糖泡,account-item,bomb,false,,object/itemCFG.py,confirmed-client-config
4483,妙脆角糖泡,account-item,bomb,false,,object/itemCFG.py,confirmed-client-config
4484,比基尼幻影[积分,account-item,huanying,false,,object/itemCFG.py,confirmed-client-config
4485,恶魔幻影,account-item,huanying,false,,object/itemCFG.py,confirmed-client-config
4486,草莓幻影,account-item,huanying,false,,object/itemCFG.py,confirmed-client-config
4487,元夜踏灯,account-item,huanying,false,,object/itemCFG.py,confirmed-client-config
4488,西部牛仔[积分,avatar-cosmetic,cap,false,,object/itemCFG.py,confirmed-client-config
4489,白色头巾,avatar-cosmetic,cap,false,,object/itemCFG.py,confirmed-client-config
4490,反恐头盔,avatar-cosmetic,cap,false,,object/itemCFG.py,confirmed-client-config
4491,粉色莎莎,avatar-cosmetic,cap,false,,object/itemCFG.py,confirmed-client-config
4492,超级赛亚人发[积分,avatar-cosmetic,cap,false,,object/itemCFG.py,confirmed-client-config
4493,那美克星人帽[积分,avatar-cosmetic,cap,false,,object/itemCFG.py,confirmed-client-config
4494,可爱兔兔头[积分,avatar-cosmetic,cap,false,,object/itemCFG.py,confirmed-client-config
4495,怪兽头套,avatar-cosmetic,cap,false,,object/itemCFG.py,confirmed-client-config
4496,海豚帽,avatar-cosmetic,cap,false,,object/itemCFG.py,confirmed-client-config
4497,夜精灵帽,avatar-cosmetic,cap,false,,object/itemCFG.py,confirmed-client-config
4498,遮阳帽,avatar-cosmetic,cap,false,,object/itemCFG.py,confirmed-client-config
4499,幸福小伞,avatar-cosmetic,thadorn,false,,object/itemCFG.py,confirmed-client-config
4500,天香百合,avatar-cosmetic,eye,false,,object/itemCFG.py,confirmed-client-config
4501,神武之盾牌,avatar-cosmetic,eye,false,,object/itemCFG.py,confirmed-client-config
4502,stop,avatar-cosmetic,eye,false,,object/itemCFG.py,confirmed-client-config
4503,气功波,avatar-cosmetic,eye,false,,object/itemCFG.py,confirmed-client-config
4504,我最厉害,avatar-cosmetic,eye,false,,object/itemCFG.py,confirmed-client-config
4505,洒水壶,avatar-cosmetic,eye,false,,object/itemCFG.py,confirmed-client-config
4506,猫咪胡须,avatar-cosmetic,mouth,false,,object/itemCFG.py,confirmed-client-config
4507,哼着小曲,avatar-cosmetic,mouth,false,,object/itemCFG.py,confirmed-client-config
4508,小花眼罩,avatar-cosmetic,mouth,false,,object/itemCFG.py,confirmed-client-config
4509,写给她的心里话,avatar-cosmetic,npack,false,,object/itemCFG.py,confirmed-client-config
4510,写给他的心里话,avatar-cosmetic,npack,false,,object/itemCFG.py,confirmed-client-config
4511,光能剑[声望,avatar-cosmetic,npack,false,,object/itemCFG.py,confirmed-client-config
4512,幻蝶,avatar-cosmetic,fpack,false,,object/itemCFG.py,confirmed-client-config
4513,绿花妖翅膀,avatar-cosmetic,fpack,false,,object/itemCFG.py,confirmed-client-config
4514,妖之翼[声望,avatar-cosmetic,fpack,false,,object/itemCFG.py,confirmed-client-config
4515,星星闪闪[声望,account-item,bomb,false,,object/itemCFG.py,confirmed-client-config
4516,狗狗糖泡,account-item,bomb,false,,object/itemCFG.py,confirmed-client-config
4517,龙珠雷达[声望,account-item,bomb,false,,object/itemCFG.py,confirmed-client-config
4518,月兔糖泡,account-item,bomb,false,,object/itemCFG.py,confirmed-client-config
4519,狂欢夜糖泡[声望,account-item,bomb,false,,object/itemCFG.py,confirmed-client-config
4520,摸死你糖泡[声望,account-item,bomb,false,,object/itemCFG.py,confirmed-client-config
4521,别摸我糖泡[声望,account-item,bomb,false,,object/itemCFG.py,confirmed-client-config
4522,箭影,account-item,huanying,false,,object/itemCFG.py,confirmed-client-config
4523,春之女神幻影[积分,account-item,huanying,false,,object/itemCFG.py,confirmed-client-config
4524,眩目,profile-decoration,bg,false,,object/itemCFG.py,confirmed-client-config
4525,天之羽,profile-decoration,bg,false,,object/itemCFG.py,confirmed-client-config
4526,美丽的大自然,profile-decoration,bg,false,,object/itemCFG.py,confirmed-client-config
4527,宇宙奇观,profile-decoration,bg,false,,object/itemCFG.py,confirmed-client-config
4528,爱的跷跷板,profile-decoration,bg,false,,object/itemCFG.py,confirmed-client-config
4529,龙珠背景,profile-decoration,bg,false,,object/itemCFG.py,confirmed-client-config
4530,神龙背景,profile-decoration,bg,false,,object/itemCFG.py,confirmed-client-config
4531,史前恐龙小天地,profile-decoration,bg,false,,object/itemCFG.py,confirmed-client-config
4532,电视机框,profile-decoration,frame,false,,object/itemCFG.py,confirmed-client-config
4533,love粉色垂帘,profile-decoration,frame,false,,object/itemCFG.py,confirmed-client-config
4534,可爱框,profile-decoration,frame,false,,object/itemCFG.py,confirmed-client-config
4535,超能量电光[勇气,avatar-cosmetic,ear,false,,object/itemCFG.py,confirmed-client-config
4536,踩圈圈[勇气,avatar-cosmetic,ear,false,,object/itemCFG.py,confirmed-client-config
4537,蔓延的藤,avatar-cosmetic,ear,false,,object/itemCFG.py,confirmed-client-config
4538,超级赛亚人衣[勇气,avatar-cosmetic,cladorn,false,,object/itemCFG.py,confirmed-client-config
4539,那美克星人衣[勇气,avatar-cosmetic,cladorn,false,,object/itemCFG.py,confirmed-client-config
4540,夜精灵袍,avatar-cosmetic,cladorn,false,,object/itemCFG.py,confirmed-client-config
4541,花衣袍,avatar-cosmetic,cladorn,false,,object/itemCFG.py,confirmed-client-config
4542,海豚衣,avatar-cosmetic,cladorn,false,,object/itemCFG.py,confirmed-client-config
4543,新郎装,avatar-cosmetic,cladorn,false,,object/itemCFG.py,confirmed-client-config
4544,怪兽身体,avatar-cosmetic,cladorn,false,,object/itemCFG.py,confirmed-client-config
4545,z字样脚印,account-item,footprint,false,,object/itemCFG.py,confirmed-client-config
4546,嫩芽脚印,account-item,footprint,false,,object/itemCFG.py,confirmed-client-config
4547,天籁脚印,account-item,footprint,false,,object/itemCFG.py,confirmed-client-config
4548,螃蟹脚印[勇气,account-item,footprint,false,,object/itemCFG.py,confirmed-client-config
4549,小猪头脚印[勇气,account-item,footprint,false,,object/itemCFG.py,confirmed-client-config
4551,我爱我家糖泡,account-item,bomb,false,,object/itemCFG.py,confirmed-client-config
4552,邪灵盔[积分,avatar-cosmetic,cap,false,,object/itemCFG.py,confirmed-client-config
4553,雄鸡之冠,avatar-cosmetic,cap,false,,object/itemCFG.py,confirmed-client-config
4554,爱的头纱[积分,avatar-cosmetic,cap,false,,object/itemCFG.py,confirmed-client-config
4555,淑女头巾,avatar-cosmetic,cap,false,,object/itemCFG.py,confirmed-client-config
4556,天国之环,avatar-cosmetic,thadorn,false,,object/itemCFG.py,confirmed-client-config
4557,我要发达[勇气,avatar-cosmetic,ear,false,,object/itemCFG.py,confirmed-client-config
4558,爱心眼罩,avatar-cosmetic,mouth,false,,object/itemCFG.py,confirmed-client-config
4559,怪相面具,avatar-cosmetic,mouth,false,,object/itemCFG.py,confirmed-client-config
4560,伤心人面具,avatar-cosmetic,mouth,false,,object/itemCFG.py,confirmed-client-config
4561,晓の漩涡面具,avatar-cosmetic,mouth,false,,object/itemCFG.py,confirmed-client-config
4562,光芒万丈[勇气,avatar-cosmetic,ear,false,,object/itemCFG.py,confirmed-client-config
4563,胡萝卜战车[勇气,avatar-cosmetic,ear,false,,object/itemCFG.py,confirmed-client-config
4564,邪灵之龙[勇气,avatar-cosmetic,ear,false,,object/itemCFG.py,confirmed-client-config
4565,晓の绝,avatar-cosmetic,ear,false,,object/itemCFG.py,confirmed-client-config
4566,马赛克,avatar-cosmetic,cladorn,false,,object/itemCFG.py,confirmed-client-config
4567,依恋肚兜,avatar-cosmetic,cladorn,false,,object/itemCFG.py,confirmed-client-config
4568,雄鸡之羽,avatar-cosmetic,npack,false,,object/itemCFG.py,confirmed-client-config
4569,僵尸跟[声望,avatar-cosmetic,npack,false,,object/itemCFG.py,confirmed-client-config
4570,邪灵炮[声望,avatar-cosmetic,fpack,false,,object/itemCFG.py,confirmed-client-config
4571,王者的长袍,avatar-cosmetic,fpack,false,,object/itemCFG.py,confirmed-client-config
4572,小蜜罐糖泡,account-item,bomb,false,,object/itemCFG.py,confirmed-client-config
4573,仙人掌QQ糖,account-item,bomb,false,,object/itemCFG.py,confirmed-client-config
4574,小雏菊QQ糖,account-item,bomb,false,,object/itemCFG.py,confirmed-client-config
4575,天使便便,account-item,bomb,false,,object/itemCFG.py,confirmed-client-config
4576,魔法糖泡[声望,account-item,bomb,false,,object/itemCFG.py,confirmed-client-config
4577,星月脚印[勇气,account-item,footprint,false,,object/itemCFG.py,confirmed-client-config
4578,囧の步伐,account-item,footprint,false,,object/itemCFG.py,confirmed-client-config
4579,虹之道,account-item,footprint,false,,object/itemCFG.py,confirmed-client-config
4580,美女学堂,profile-decoration,bg,false,,object/itemCFG.py,confirmed-client-config
4581,帅哥学堂,profile-decoration,bg,false,,object/itemCFG.py,confirmed-client-config
4582,小牛酷比,profile-decoration,bg,false,,object/itemCFG.py,confirmed-client-config
4583,月下蝶舞,profile-decoration,bg,false,,object/itemCFG.py,confirmed-client-config
4584,呆头猫,avatar-cosmetic,cap,false,,object/itemCFG.py,confirmed-client-config
4585,翼神龙盔[积分,avatar-cosmetic,cap,false,,object/itemCFG.py,confirmed-client-config
4586,优雅贵妇,avatar-cosmetic,cap,false,,object/itemCFG.py,confirmed-client-config
4588,珊瑚蝶,avatar-cosmetic,eye,false,,object/itemCFG.py,confirmed-client-config
4589,叹！！！,avatar-cosmetic,eye,false,,object/itemCFG.py,confirmed-client-config
4590,我为麦克疯,avatar-cosmetic,eye,false,,object/itemCFG.py,confirmed-client-config
4591,将军符,avatar-cosmetic,eye,false,,object/itemCFG.py,confirmed-client-config
4592,巨神兵铠[勇气,avatar-cosmetic,cladorn,false,,object/itemCFG.py,confirmed-client-config
4593,熟女路线,avatar-cosmetic,cladorn,false,,object/itemCFG.py,confirmed-client-config
4594,空姐装,avatar-cosmetic,cladorn,false,,object/itemCFG.py,confirmed-client-config
4595,天龙血翼[声望,avatar-cosmetic,fpack,false,,object/itemCFG.py,confirmed-client-config
4596,真魔翅膀[声望,avatar-cosmetic,fpack,false,,object/itemCFG.py,confirmed-client-config
4597,珊瑚蝶之翼,avatar-cosmetic,fpack,false,,object/itemCFG.py,confirmed-client-config
4598,狮心糖泡,account-item,bomb,false,,object/itemCFG.py,confirmed-client-config
4599,小鸡鸡糖泡,account-item,bomb,false,,object/itemCFG.py,confirmed-client-config
4600,骷髅糖泡[声望,account-item,bomb,false,,object/itemCFG.py,confirmed-client-config
4601,回旋镖幻影,account-item,huanying,false,,object/itemCFG.py,confirmed-client-config
4602,羽叶幻影[积分,account-item,huanying,false,,object/itemCFG.py,confirmed-client-config
4603,红云幻影,account-item,huanying,false,,object/itemCFG.py,confirmed-client-config
4604,爱情的战斗,profile-decoration,bg,false,,object/itemCFG.py,confirmed-client-config
4605,阳光下的婚礼,profile-decoration,bg,false,,object/itemCFG.py,confirmed-client-config
4606,春之盛典,profile-decoration,bg,false,,object/itemCFG.py,confirmed-client-config
4607,绿世界,profile-decoration,frame,false,,object/itemCFG.py,confirmed-client-config
4608,我要挂住你,profile-decoration,frame,false,,object/itemCFG.py,confirmed-client-config
4609,万众瞩目,profile-decoration,frame,false,,object/itemCFG.py,confirmed-client-config
4610,蜜月旅行,profile-decoration,frame,false,,object/itemCFG.py,confirmed-client-config
4620,假日背景,profile-decoration,bg,false,,object/itemCFG.py,confirmed-client-config
4621,龙舟背景,profile-decoration,bg,false,,object/itemCFG.py,confirmed-client-config
4622,童年涂鸦背景,profile-decoration,bg,false,,object/itemCFG.py,confirmed-client-config
4623,肉粽糖泡,account-item,bomb,false,,object/itemCFG.py,confirmed-client-config
4624,河神糖泡[声望,account-item,bomb,false,,object/itemCFG.py,confirmed-client-config
4625,小王子发式,avatar-cosmetic,cap,false,,object/itemCFG.py,confirmed-client-config
4626,小公主发式,avatar-cosmetic,cap,false,,object/itemCFG.py,confirmed-client-config
4627,小王子衣服,avatar-cosmetic,cladorn,false,,object/itemCFG.py,confirmed-client-config
4628,小公主衣服,avatar-cosmetic,cladorn,false,,object/itemCFG.py,confirmed-client-config
4629,小丑帽[积分,avatar-cosmetic,cap,false,,object/itemCFG.py,confirmed-client-config
4630,红水晶皇冠,avatar-cosmetic,cap,false,,object/itemCFG.py,confirmed-client-config
4631,TT帽[积分,avatar-cosmetic,cap,false,,object/itemCFG.py,confirmed-client-config
4632,吸血鬼伯爵冠,avatar-cosmetic,cap,false,,object/itemCFG.py,confirmed-client-config
4633,修罗之鬼,avatar-cosmetic,cap,false,,object/itemCFG.py,confirmed-client-config
4634,熊熊帽,avatar-cosmetic,cap,false,,object/itemCFG.py,confirmed-client-config
4635,包子头套[积分,avatar-cosmetic,cap,false,,object/itemCFG.py,confirmed-client-config
4636,爱情呼叫-男,avatar-cosmetic,eye,false,,object/itemCFG.py,confirmed-client-config
4637,爱情呼叫-女,avatar-cosmetic,eye,false,,object/itemCFG.py,confirmed-client-config
4638,花姬之冠,avatar-cosmetic,eye,false,,object/itemCFG.py,confirmed-client-config
4639,美味的小骨头,avatar-cosmetic,eye,false,,object/itemCFG.py,confirmed-client-config
4640,南瓜手袋,avatar-cosmetic,eye,false,,object/itemCFG.py,confirmed-client-config
4641,幽灵护身,avatar-cosmetic,ear,false,,object/itemCFG.py,confirmed-client-config
4642,吸血鬼伯爵服,avatar-cosmetic,ear,false,,object/itemCFG.py,confirmed-client-config
4643,花姬之裙,avatar-cosmetic,cladorn,false,,object/itemCFG.py,confirmed-client-config
4644,紫怨袍,avatar-cosmetic,cladorn,false,,object/itemCFG.py,confirmed-client-config
4645,小白兔拖鞋,avatar-cosmetic,cladorn,false,,object/itemCFG.py,confirmed-client-config
4646,犬夜叉之袍,avatar-cosmetic,cladorn,false,,object/itemCFG.py,confirmed-client-config
4647,熊熊衣,avatar-cosmetic,cladorn,false,,object/itemCFG.py,confirmed-client-config
4648,屠魔大剑,avatar-cosmetic,npack,false,,object/itemCFG.py,confirmed-client-config
4649,恶魔之影,avatar-cosmetic,npack,false,,object/itemCFG.py,confirmed-client-config
4650,圣女[声望,avatar-cosmetic,npack,false,,object/itemCFG.py,confirmed-client-config
4651,蓝羽翅膀,avatar-cosmetic,fpack,false,,object/itemCFG.py,confirmed-client-config
4652,五彩水晶[声望,account-item,bomb,false,,object/itemCFG.py,confirmed-client-config
4653,树袋熊糖泡,account-item,bomb,false,,object/itemCFG.py,confirmed-client-config
4654,酷儿,account-item,bomb,false,,object/itemCFG.py,confirmed-client-config
4655,鼹鼠QQ糖[声望,account-item,bomb,false,,object/itemCFG.py,confirmed-client-config
4656,彩虹斑斓,account-item,huanying,false,,object/itemCFG.py,confirmed-client-config
4657,粉小兔,account-item,huanying,false,,object/itemCFG.py,confirmed-client-config
4658,爱心钻石脚印,account-item,footprint,false,,object/itemCFG.py,confirmed-client-config
4659,梦之船,profile-decoration,bg,false,,object/itemCFG.py,confirmed-client-config
4660,修女也疯狂,profile-decoration,bg,false,,object/itemCFG.py,confirmed-client-config
4661,蜘蛛侠,profile-decoration,bg,false,,object/itemCFG.py,confirmed-client-config
4662,开门见“吻”,profile-decoration,bg,false,,object/itemCFG.py,confirmed-client-config
4663,熊猫告白牌,profile-decoration,frame,false,,object/itemCFG.py,confirmed-client-config
4664,夹娃娃边框,profile-decoration,frame,false,,object/itemCFG.py,confirmed-client-config
4665,韵律,profile-decoration,frame,false,,object/itemCFG.py,confirmed-client-config
4666,绿霸娘帽子,avatar-cosmetic,cap,false,,object/itemCFG.py,confirmed-client-config
4667,绿霸娘衣服,avatar-cosmetic,cladorn,false,,object/itemCFG.py,confirmed-client-config
4668,变形金刚[勇气,avatar-cosmetic,ear,false,,object/itemCFG.py,confirmed-client-config
4669,中华赛参加证,profile-decoration,bg,false,,object/itemCFG.py,confirmed-client-config
4670,羽林糖泡,account-item,bomb,false,,object/itemCFG.py,confirmed-client-config
4671,骁骑糖泡,account-item,bomb,false,,object/itemCFG.py,confirmed-client-config
4672,冥袭糖泡,account-item,bomb,false,,object/itemCFG.py,confirmed-client-config
4673,影羽糖泡,account-item,bomb,false,,object/itemCFG.py,confirmed-client-config
4674,太御糖泡,account-item,bomb,false,,object/itemCFG.py,confirmed-client-config
4675,金甲头盔,avatar-cosmetic,cap,false,,object/itemCFG.py,confirmed-client-config
4676,情侣太阳帽-男,avatar-cosmetic,cap,false,,object/itemCFG.py,confirmed-client-config
4677,情侣太阳帽-女,avatar-cosmetic,cap,false,,object/itemCFG.py,confirmed-client-config
4678,绿叶帽,avatar-cosmetic,cap,false,,object/itemCFG.py,confirmed-client-config
4679,罗宾汉帽,avatar-cosmetic,cap,false,,object/itemCFG.py,confirmed-client-config
4680,罗马假日,avatar-cosmetic,cap,false,,object/itemCFG.py,confirmed-client-config
4681,河童帽,avatar-cosmetic,cap,false,,object/itemCFG.py,confirmed-client-config
4682,水滨月,avatar-cosmetic,cap,false,,object/itemCFG.py,confirmed-client-config
4683,情深雨蒙,avatar-cosmetic,cap,false,,object/itemCFG.py,confirmed-client-config
4684,加勒比海王子帽,avatar-cosmetic,cap,false,,object/itemCFG.py,confirmed-client-config
4685,钻石米奇发卡,avatar-cosmetic,eye,false,,object/itemCFG.py,confirmed-client-config
4686,阿斯特克金盾,avatar-cosmetic,eye,false,,object/itemCFG.py,confirmed-client-config
4687,cy面具,avatar-cosmetic,mouth,false,,object/itemCFG.py,confirmed-client-config
4688,三眼之光,avatar-cosmetic,mouth,false,,object/itemCFG.py,confirmed-client-config
4689,超级近视眼,avatar-cosmetic,mouth,false,,object/itemCFG.py,confirmed-client-config
4691,加勒比海王子服,avatar-cosmetic,cladorn,false,,object/itemCFG.py,confirmed-client-config
4692,罗宾汉服,avatar-cosmetic,cladorn,false,,object/itemCFG.py,confirmed-client-config
4693,河童服,avatar-cosmetic,cladorn,false,,object/itemCFG.py,confirmed-client-config
4694,撒哈拉勇者,avatar-cosmetic,cladorn,false,,object/itemCFG.py,confirmed-client-config
4695,男式泳裤,avatar-cosmetic,cladorn,false,,object/itemCFG.py,confirmed-client-config
4696,蓝色忍者衫,avatar-cosmetic,cladorn,false,,object/itemCFG.py,confirmed-client-config
4697,夏日北海道泳装,avatar-cosmetic,cladorn,false,,object/itemCFG.py,confirmed-client-config
4698,粉蝶华服[勇气,avatar-cosmetic,cladorn,false,,object/itemCFG.py,confirmed-client-config
4699,魔*触手,avatar-cosmetic,npack,false,,object/itemCFG.py,confirmed-client-config
4700,粉红天使,avatar-cosmetic,npack,false,,object/itemCFG.py,confirmed-client-config
4701,蓝色天使,avatar-cosmetic,npack,false,,object/itemCFG.py,confirmed-client-config
4702,霜晶杖,avatar-cosmetic,npack,false,,object/itemCFG.py,confirmed-client-config
4703,追爱风筝,avatar-cosmetic,npack,false,,object/itemCFG.py,confirmed-client-config
4704,幻冰蝶冠,avatar-cosmetic,fpack,false,,object/itemCFG.py,confirmed-client-config
4705,魔龙出海,profile-decoration,bg,false,,object/itemCFG.py,confirmed-client-config
4706,自由空间,profile-decoration,bg,false,,object/itemCFG.py,confirmed-client-config
4707,死亡墓碑,profile-decoration,bg,false,,object/itemCFG.py,confirmed-client-config
4708,宝贝兔,profile-decoration,bg,false,,object/itemCFG.py,confirmed-client-config
4709,缀花之心,profile-decoration,bg,false,,object/itemCFG.py,confirmed-client-config
4710,DJ年代,profile-decoration,bg,false,,object/itemCFG.py,confirmed-client-config
4711,心愿,profile-decoration,frame,false,,object/itemCFG.py,confirmed-client-config
4712,非诚勿扰,profile-decoration,frame,false,,object/itemCFG.py,confirmed-client-config
4713,雨刮,profile-decoration,frame,false,,object/itemCFG.py,confirmed-client-config
4714,七彩泡泡,profile-decoration,frame,false,,object/itemCFG.py,confirmed-client-config
4715,窝窝糖泡,account-item,bomb,false,,object/itemCFG.py,confirmed-client-config
4716,水晶蔷薇糖泡[声望,account-item,bomb,false,,object/itemCFG.py,confirmed-client-config
4717,花缀糖泡,account-item,bomb,false,,object/itemCFG.py,confirmed-client-config
4718,快乐女生[声望,account-item,bomb,false,,object/itemCFG.py,confirmed-client-config
4719,砸曾哥,account-item,bomb,false,,object/itemCFG.py,confirmed-client-config
4720,七彩琉璃,account-item,bomb,false,,object/itemCFG.py,confirmed-client-config
4721,丫黑黑,account-item,bomb,false,,object/itemCFG.py,confirmed-client-config
4722,蓝宝石流淌[勇气,account-item,footprint,false,,object/itemCFG.py,confirmed-client-config
4723,蜗牛脚印,account-item,footprint,false,,object/itemCFG.py,confirmed-client-config
4724,真心绝对[积分,account-item,huanying,false,,object/itemCFG.py,confirmed-client-config
4725,ABC幻影,account-item,huanying,false,,object/itemCFG.py,confirmed-client-config
9001,铁蛋,account-item,platform,true,,object/itemCFG.py,confirmed-client-config
9002,银蛋,account-item,platform,true,,object/itemCFG.py,confirmed-client-config
9003,金蛋,account-item,platform,true,,object/itemCFG.py,confirmed-client-config
9004,彩蛋,account-item,platform,true,,object/itemCFG.py,confirmed-client-config
9011,铁锤,account-item,platform,false,,object/itemCFG.py,confirmed-client-config
9012,银锤,account-item,platform,false,,object/itemCFG.py,confirmed-client-config
9013,金锤,account-item,platform,false,,object/itemCFG.py,confirmed-client-config
9020,水晶之恋,account-item,platform,false,,object/itemCFG.py,confirmed-client-config
9021,水晶戒指,account-item,card,false,,object/itemCFG.py,confirmed-client-config
9022,宝石戒指,account-item,card,false,,object/itemCFG.py,confirmed-client-config
9023,铂金戒指,account-item,card,false,,object/itemCFG.py,confirmed-client-config
9024,钻石戒指,account-item,card,false,,object/itemCFG.py,confirmed-client-config
9025,真爱戒指,account-item,card,false,,object/itemCFG.py,confirmed-client-config
9026,永恒爱神之戒,account-item,card,false,,object/itemCFG.py,confirmed-client-config
12001,紫钻贵族名片,profile-decoration,namecard,false,,object/itemCFG.py,confirmed-client-config
12002,蓝天名片,profile-decoration,namecard,false,,object/itemCFG.py,confirmed-client-config
12003,彩虹名片,profile-decoration,namecard,false,,object/itemCFG.py,confirmed-client-config
12004,大众情人,profile-decoration,namecard,false,,object/itemCFG.py,confirmed-client-config
12005,梦中情人,profile-decoration,namecard,false,,object/itemCFG.py,confirmed-client-config
12006,情人爱心名片-男,profile-decoration,namecard,false,,object/itemCFG.py,confirmed-client-config
12007,情人爱心名片-女,profile-decoration,namecard,false,,object/itemCFG.py,confirmed-client-config
12008,十大家族名片,profile-decoration,namecard,false,,object/itemCFG.py,confirmed-client-config
12009,家族精英,profile-decoration,namecard,false,,object/itemCFG.py,confirmed-client-config
12010,海盗名片,profile-decoration,namecard,false,,object/itemCFG.py,confirmed-client-config
12011,船长名片,profile-decoration,namecard,false,,object/itemCFG.py,confirmed-client-config
12012,英雄名片,profile-decoration,namecard,false,,object/itemCFG.py,confirmed-client-config
12013,月夜蝙蝠,profile-decoration,namecard,false,,object/itemCFG.py,confirmed-client-config
12014,南瓜门票,profile-decoration,namecard,false,,object/itemCFG.py,confirmed-client-config
12016,黄金家族名片,profile-decoration,namecard,false,,object/itemCFG.py,confirmed-client-config
12017,白银家族名片,profile-decoration,namecard,false,,object/itemCFG.py,confirmed-client-config
12018,青铜家族名片,profile-decoration,namecard,false,,object/itemCFG.py,confirmed-client-config
12019,太空游侠名片,profile-decoration,namecard,false,,object/itemCFG.py,confirmed-client-config
12020,嫦娥名片,profile-decoration,namecard,false,,object/itemCFG.py,confirmed-client-config
12021,月兔名片,profile-decoration,namecard,false,,object/itemCFG.py,confirmed-client-config
12022,龙族名片,profile-decoration,namecard,false,,object/itemCFG.py,confirmed-client-config
12023,QQ堂宝贝冠军,profile-decoration,namecard,false,,object/itemCFG.py,confirmed-client-config
12024,情人名片,profile-decoration,namecard,false,,object/itemCFG.py,confirmed-client-config
12025,单车情人,profile-decoration,namecard,false,,object/itemCFG.py,confirmed-client-config
12026,落樱缤纷,profile-decoration,namecard,false,,object/itemCFG.py,confirmed-client-config
12027,爱情酷比名片,profile-decoration,namecard,false,,object/itemCFG.py,confirmed-client-config
12028,情人玫瑰,profile-decoration,namecard,false,,object/itemCFG.py,confirmed-client-config
12029,玫瑰之约,profile-decoration,namecard,false,,object/itemCFG.py,confirmed-client-config
12030,英雄名片,profile-decoration,namecard,false,,object/itemCFG.py,confirmed-client-config
12031,骑士名片,profile-decoration,namecard,false,,object/itemCFG.py,confirmed-client-config
12032,红旗招展,profile-decoration,namecard,false,,object/itemCFG.py,confirmed-client-config
12033,神圣民族名片,profile-decoration,namecard,false,,object/itemCFG.py,confirmed-client-config
12034,朱雀名片,profile-decoration,namecard,false,,object/itemCFG.py,confirmed-client-config
12035,中华民族名片,profile-decoration,namecard,false,,object/itemCFG.py,confirmed-client-config
12036,宇宙星光,profile-decoration,namecard,false,,object/itemCFG.py,confirmed-client-config
12037,大海名片,profile-decoration,namecard,false,,object/itemCFG.py,confirmed-client-config
12038,QQ堂情圣名片,profile-decoration,namecard,false,,object/itemCFG.py,confirmed-client-config
12039,爱恋一生家族名片,profile-decoration,namecard,false,,object/itemCFG.py,confirmed-client-config
12040,海底王宫名片,profile-decoration,namecard,false,,object/itemCFG.py,confirmed-client-config
12041,童话城堡名片,profile-decoration,namecard,false,,object/itemCFG.py,confirmed-client-config
12042,冰雪女王名片,profile-decoration,namecard,false,,object/itemCFG.py,confirmed-client-config
12043,童话涂鸦名片,profile-decoration,namecard,false,,object/itemCFG.py,confirmed-client-config
12044,彩虹城堡,profile-decoration,namecard,false,,object/itemCFG.py,confirmed-client-config
12045,粉红色名片,profile-decoration,namecard,false,,object/itemCFG.py,confirmed-client-config
12046,蓝色小花名片,profile-decoration,namecard,false,,object/itemCFG.py,confirmed-client-config
12047,焕彩名片,profile-decoration,namecard,false,,object/itemCFG.py,confirmed-client-config
12048,五彩泡泡名片,profile-decoration,namecard,false,,object/itemCFG.py,confirmed-client-config
12049,武林盟主名片,profile-decoration,namecard,false,,object/itemCFG.py,confirmed-client-config
12050,海盗大冒险纪念名片,profile-decoration,namecard,false,,object/itemCFG.py,confirmed-client-config
12051,酷比一夏纪念名片,profile-decoration,namecard,false,,object/itemCFG.py,confirmed-client-config
12052,泰坦归来纪念名片,profile-decoration,namecard,false,,object/itemCFG.py,confirmed-client-config
12053,糖果盛年纪念名片,profile-decoration,namecard,false,,object/itemCFG.py,confirmed-client-config
12054,沉睡精灵,profile-decoration,namecard,false,,object/itemCFG.py,confirmed-client-config
12055,邪神的双眼,profile-decoration,namecard,false,,object/itemCFG.py,confirmed-client-config
12056,妖怪名片,profile-decoration,namecard,false,,object/itemCFG.py,confirmed-client-config
12057,魔法城之夜名片,profile-decoration,namecard,false,,object/itemCFG.py,confirmed-client-config
12058,花妖名片,profile-decoration,namecard,false,,object/itemCFG.py,confirmed-client-config
12059,丽水金沙名片,profile-decoration,namecard,false,,object/itemCFG.py,confirmed-client-config
12060,魔族恶龙名片,profile-decoration,namecard,false,,object/itemCFG.py,confirmed-client-config
12061,道具设计者名片,profile-decoration,namecard,false,,object/itemCFG.py,confirmed-client-config
12062,官方记者名片,profile-decoration,namecard,false,,object/itemCFG.py,confirmed-client-config
12063,顺心如意名片,profile-decoration,namecard,false,,object/itemCFG.py,confirmed-client-config
12064,骷髅海盗名片,profile-decoration,namecard,false,,object/itemCFG.py,confirmed-client-config
12065,蝴蝶结名片,profile-decoration,namecard,false,,object/itemCFG.py,confirmed-client-config
12066,星空灿烂名片,profile-decoration,namecard,false,,object/itemCFG.py,confirmed-client-config
12067,冬天里的一把火,profile-decoration,namecard,false,,object/itemCFG.py,confirmed-client-config
12068,可爱鼠片,profile-decoration,namecard,false,,object/itemCFG.py,confirmed-client-config
12069,鼠世名门,profile-decoration,namecard,false,,object/itemCFG.py,confirmed-client-config
12070,葫芦娃,profile-decoration,namecard,false,,object/itemCFG.py,confirmed-client-config
12071,hello-kitty,profile-decoration,namecard,false,,object/itemCFG.py,confirmed-client-config
12072,好运名片,profile-decoration,namecard,false,,object/itemCFG.py,confirmed-client-config
12073,加勒比海盗名片,profile-decoration,namecard,false,,object/itemCFG.py,confirmed-client-config
12076,枫林晚,profile-decoration,namecard,false,,object/itemCFG.py,confirmed-client-config
12077,十面埋伏,profile-decoration,namecard,false,,object/itemCFG.py,confirmed-client-config
12078,武林至尊,profile-decoration,namecard,false,,object/itemCFG.py,confirmed-client-config
12079,花飞粉谢,profile-decoration,namecard,false,,object/itemCFG.py,confirmed-client-config
12080,天地盟,profile-decoration,namecard,false,,object/itemCFG.py,confirmed-client-config
12081,foreverlove,profile-decoration,namecard,false,,object/itemCFG.py,confirmed-client-config
12085,奥运名片,profile-decoration,namecard,false,,object/itemCFG.py,confirmed-client-config
12086,祥云·中国,profile-decoration,namecard,false,,object/itemCFG.py,confirmed-client-config
12087,MVP名片,profile-decoration,namecard,false,,object/itemCFG.py,confirmed-client-config
12088,公牛王朝名片,profile-decoration,namecard,false,,object/itemCFG.py,confirmed-client-config
12089,彩色梦想名片,profile-decoration,namecard,false,,object/itemCFG.py,confirmed-client-config
12090,彩墨涂鸦名片,profile-decoration,namecard,false,,object/itemCFG.py,confirmed-client-config
12091,爱中国-红旗名片,profile-decoration,namecard,false,,object/itemCFG.py,confirmed-client-config
12092,中华英雄名片,profile-decoration,namecard,false,,object/itemCFG.py,confirmed-client-config
12093,加油中国名片,profile-decoration,namecard,false,,object/itemCFG.py,confirmed-client-config
12094,中华区域赛冠军,profile-decoration,namecard,false,,object/itemCFG.py,confirmed-client-config
12095,32强名片,profile-decoration,namecard,false,,object/itemCFG.py,confirmed-client-config
12096,中华英雄四强名片,profile-decoration,namecard,false,,object/itemCFG.py,confirmed-client-config
12097,08中华英雄总冠军,profile-decoration,namecard,false,,object/itemCFG.py,confirmed-client-config
12098,甜蜜夏天,profile-decoration,namecard,false,,object/itemCFG.py,confirmed-client-config
12099,QQ堂2008,profile-decoration,namecard,false,,object/itemCFG.py,confirmed-client-config
12100,粉色童话,profile-decoration,namecard,false,,object/itemCFG.py,confirmed-client-config
12103,08纪念·开幕式,profile-decoration,namecard,false,,object/itemCFG.py,confirmed-client-config
12104,08纪念·闭幕式,profile-decoration,namecard,false,,object/itemCFG.py,confirmed-client-config
12105,中秋名片,profile-decoration,namecard,false,,object/itemCFG.py,confirmed-client-config
12106,温柔花乡名片,profile-decoration,namecard,false,,object/itemCFG.py,confirmed-client-config
12107,MAN,profile-decoration,namecard,false,,object/itemCFG.py,confirmed-client-config
12108,Sweet Baby,profile-decoration,namecard,false,,object/itemCFG.py,confirmed-client-config
12109,红宝蝶之祭名片,profile-decoration,namecard,false,,object/itemCFG.py,confirmed-client-config
12110,简单爱名片,profile-decoration,namecard,false,,object/itemCFG.py,confirmed-client-config
12111,国庆纪念名片,profile-decoration,namecard,false,,object/itemCFG.py,confirmed-client-config
12112,水晶玫瑰名片,profile-decoration,namecard,false,,object/itemCFG.py,confirmed-client-config
12113,粉红玫瑰名片,profile-decoration,namecard,false,,object/itemCFG.py,confirmed-client-config
12114,红玫瑰名片,profile-decoration,namecard,false,,object/itemCFG.py,confirmed-client-config
12115,黑玫瑰名片,profile-decoration,namecard,false,,object/itemCFG.py,confirmed-client-config
12116,结婚纪念名片,profile-decoration,namecard,false,,object/itemCFG.py,confirmed-client-config
12117,爱情守护使名片,profile-decoration,namecard,false,,object/itemCFG.py,confirmed-client-config
12118,完美爱人名片,profile-decoration,namecard,false,,object/itemCFG.py,confirmed-client-config
12119,童年名片,profile-decoration,namecard,false,,object/itemCFG.py,confirmed-client-config
12120,可乐年代名片,profile-decoration,namecard,false,,object/itemCFG.py,confirmed-client-config
12121,水晶之恋-蓝,profile-decoration,namecard,false,,object/itemCFG.py,confirmed-client-config
12122,水晶之恋-粉,profile-decoration,namecard,false,,object/itemCFG.py,confirmed-client-config
12123,4周年名片,profile-decoration,namecard,false,,object/itemCFG.py,confirmed-client-config
12124,梅兰芳名片,profile-decoration,namecard,false,,object/itemCFG.py,confirmed-client-config
12125,一代宗师牌匾[积分,profile-decoration,namecard,false,,object/itemCFG.py,confirmed-client-config
12126,火红圣诞夜,profile-decoration,namecard,false,,object/itemCFG.py,confirmed-client-config
12127,绿野悠踪名片,profile-decoration,namecard,false,,object/itemCFG.py,confirmed-client-config
12128,欢乐雪地名片,profile-decoration,namecard,false,,object/itemCFG.py,confirmed-client-config
12129,幻想乐章名片,profile-decoration,namecard,false,,object/itemCFG.py,confirmed-client-config
12130,顺心如意名片,profile-decoration,namecard,false,,object/itemCFG.py,confirmed-client-config
12131,韵律名片,profile-decoration,namecard,false,,object/itemCFG.py,confirmed-client-config
12132,暗夜之光,profile-decoration,namecard,false,,object/itemCFG.py,confirmed-client-config
12133,七彩虹带,profile-decoration,namecard,false,,object/itemCFG.py,confirmed-client-config
12134,MISS.U,profile-decoration,namecard,false,,object/itemCFG.py,confirmed-client-config
12135,MR.U,profile-decoration,namecard,false,,object/itemCFG.py,confirmed-client-config
12136,爱之恋,profile-decoration,namecard,false,,object/itemCFG.py,confirmed-client-config
12137,恋爱病毒,profile-decoration,namecard,false,,object/itemCFG.py,confirmed-client-config
12138,紫钻贵族名片[积分,profile-decoration,namecard,false,,object/itemCFG.py,confirmed-client-config
12139,紫钻皇帝名片[积分,profile-decoration,namecard,false,,object/itemCFG.py,confirmed-client-config
12140,贝多芬的插曲,profile-decoration,namecard,false,,object/itemCFG.py,confirmed-client-config
12141,神龙名片,profile-decoration,namecard,false,,object/itemCFG.py,confirmed-client-config
12142,龙珠名片,profile-decoration,namecard,false,,object/itemCFG.py,confirmed-client-config
12143,我爱我家名片,profile-decoration,namecard,false,,object/itemCFG.py,confirmed-client-config
12144,我想找老公,profile-decoration,namecard,false,,object/itemCFG.py,confirmed-client-config
12145,我想找老婆,profile-decoration,namecard,false,,object/itemCFG.py,confirmed-client-config
12146,幸福之名,profile-decoration,namecard,false,,object/itemCFG.py,confirmed-client-config
12147,小火车名片,profile-decoration,namecard,false,,object/itemCFG.py,confirmed-client-config
12148,龙舟名片,profile-decoration,namecard,false,,object/itemCFG.py,confirmed-client-config
12149,童年涂鸦名片,profile-decoration,namecard,false,,object/itemCFG.py,confirmed-client-config
12150,对对亲,profile-decoration,namecard,false,,object/itemCFG.py,confirmed-client-config
12151,快乐女生,profile-decoration,namecard,false,,object/itemCFG.py,confirmed-client-config
12152,蝴蝶结,profile-decoration,namecard,false,,object/itemCFG.py,confirmed-client-config
12153,爱的主旋律,profile-decoration,namecard,false,,object/itemCFG.py,confirmed-client-config
12501,边框名片霓虹灯,profile-decoration,namecardbound,false,,object/itemCFG.py,confirmed-client-config
12502,边框名片心心,profile-decoration,namecardbound,false,,object/itemCFG.py,confirmed-client-config
12503,皇冠名片框,profile-decoration,namecardbound,false,,object/itemCFG.py,confirmed-client-config
12504,珍爱边框,profile-decoration,namecardbound,false,,object/itemCFG.py,confirmed-client-config
12505,白玫瑰边框,profile-decoration,namecardbound,false,,object/itemCFG.py,confirmed-client-config
13001,赛车场,profile-decoration,bg,false,,object/itemCFG.py,confirmed-client-config
13002,天界,profile-decoration,bg,false,,object/itemCFG.py,confirmed-client-config
13003,精灵球糖泡,account-item,bomb,false,,object/itemCFG.py,confirmed-client-config
13004,龙猫糖泡,account-item,bomb,false,,object/itemCFG.py,confirmed-client-config
13005,反恐精英-警察帽,avatar-cosmetic,cap,false,,object/itemCFG.py,confirmed-client-config
13006,反恐精英-警察服,avatar-cosmetic,cladorn,false,,object/itemCFG.py,confirmed-client-config
13007,沙葫芦,avatar-cosmetic,fpack,false,,object/itemCFG.py,confirmed-client-config
13008,忍者苦无,avatar-cosmetic,npack,false,,object/itemCFG.py,confirmed-client-config
13009,蜘蛛侠标志,profile-decoration,bg,false,,object/itemCFG.py,confirmed-client-config
13010,蜘蛛糖泡,account-item,bomb,false,,object/itemCFG.py,confirmed-client-config
13011,银河公主钻石冠,avatar-cosmetic,eye,false,,object/itemCFG.py,confirmed-client-config
13012,星座书,avatar-cosmetic,fpack,false,,object/itemCFG.py,confirmed-client-config
13013,HIPHOP变幻装,avatar-cosmetic,cladorn,false,,object/itemCFG.py,confirmed-client-config
13014,摇滚音符幻影,account-item,huanying,false,,object/itemCFG.py,confirmed-client-config
13015,嘻哈滑板-蓝,avatar-cosmetic,npack,false,,object/itemCFG.py,confirmed-client-config
13016,摇滚吉它,avatar-cosmetic,npack,false,,object/itemCFG.py,confirmed-client-config
13017,超级辣妹爆炸头,avatar-cosmetic,cap,false,,object/itemCFG.py,confirmed-client-config
13018,Hip-Hop糖泡,account-item,bomb,false,,object/itemCFG.py,confirmed-client-config
13019,vip至尊皇冠,avatar-cosmetic,cap,false,,object/itemCFG.py,confirmed-client-config
13020,计蒙糖泡,account-item,bomb,false,,object/itemCFG.py,confirmed-client-config
13025,舞动北京脚印,account-item,footprint,false,,object/itemCFG.py,confirmed-client-config
13026,火炬永不灭,profile-decoration,frame,false,,object/itemCFG.py,confirmed-client-config
13027,结婚钻戒糖泡[声望,account-item,bomb,false,,object/itemCFG.py,confirmed-client-config
13028,紫钻幻影[积分,account-item,huanying,false,,object/itemCFG.py,confirmed-client-config
13029,紫冠,avatar-cosmetic,cap,false,,object/itemCFG.py,confirmed-client-config
20003,超级火焰药水,inventory-consumable,道具|道具场用品,false,(道具场专用道具) 糖泡威力，糖泡数量，人物速度小幅上升。,config/DealProp2.xml|config/propdescrip.xml,confirmed-client-config
20006,超级糖浆,inventory-consumable,道具|道具场用品,false,(道具场专用道具)　糖泡威力，糖泡数量，人物速度大幅上升。,config/DealProp2.xml|config/propdescrip.xml,confirmed-client-config
20007,透明泡泡药水,inventory-consumable,道具|道具场用品,false,(道具场专用道具) 使自己的糖泡变为半透明状。,config/DealProp2.xml|config/propdescrip.xml,confirmed-client-config
20008,眩晕陷阱,inventory-consumable,道具|道具场用品,false,(通用道具) 踩中后会触发一定范围的闪电攻击。,config/DealProp2.xml|config/propdescrip.xml,confirmed-client-config
20009,减速陷阱,inventory-consumable,道具|道具场用品,false,(通用道具) 踩中后会触发一定范围的冰冻攻击。,config/DealProp2.xml|config/propdescrip.xml,confirmed-client-config
20010,反向陷阱,inventory-consumable,道具|道具场用品,false,(道具场专用道具) 踩中的玩家反向一段时间。,config/DealProp2.xml|config/propdescrip.xml,confirmed-client-config
20011,力量护符,inventory-consumable,道具|道具场用品,false,(道具场专用道具) 增加己方所有队员的糖泡威力。,config/DealProp2.xml|config/propdescrip.xml,confirmed-client-config
20012,急速护符,inventory-consumable,道具|道具场用品,false,(道具场专用道具) 增加己方所有队员的移动速度。,config/DealProp2.xml|config/propdescrip.xml,confirmed-client-config
20013,穿墙护符,inventory-consumable,道具|道具场用品,false,(道具场专用道具) 一定时间内能够穿越可破坏的物体。,config/DealProp2.xml|config/propdescrip.xml,confirmed-client-config
20014,探测护符,inventory-consumable,道具|道具场用品,false,(道具场专用道具) 探知地图上的所有陷阱。,config/DealProp2.xml|config/propdescrip.xml,confirmed-client-config
20015,恶魔卷轴,inventory-consumable,道具|道具场用品,false,(道具场专用道具) 使得对方所有玩家的操作反向。,config/DealProp2.xml|config/propdescrip.xml,confirmed-client-config
20016,恐怖卷轴,inventory-consumable,道具|道具场用品,false,(道具场专用道具) 减少对方所有玩家的糖泡威力一短时间。,config/DealProp2.xml|config/propdescrip.xml,confirmed-client-config
20017,冰冻卷轴,inventory-consumable,道具|道具场用品,false,(道具场专用道具) 从地下冒出的连续冰块，若击中玩家，使其减速一段时间。,config/DealProp2.xml|config/propdescrip.xml,confirmed-client-config
20018,爆炸陷阱,inventory-consumable,道具|道具场用品,false,(道具场专用道具) 踩中后会触发一定范围的火焰攻击。,config/DealProp2.xml|config/propdescrip.xml,confirmed-client-config
20019,冲刺药水,inventory-consumable,道具|道具场用品,false,(道具场专用道具) 玩家可瞬间冲刺一次。,config/DealProp2.xml|config/propdescrip.xml,confirmed-client-config
20020,万能药水,inventory-consumable,item|探险场用品|道具|道具场用品,false,(通用道具)解除一切不良状态,config/DealProp2.xml|config/propdescrip.xml|object/itemCFG.py,confirmed-client-config
20021,抵御护符,inventory-consumable,道具|道具场用品,false,(道具场专用道具) 一段时间不受任何道具影响，包括有利道具。,config/DealProp2.xml|config/propdescrip.xml,confirmed-client-config
20022,叉子,inventory-consumable,道具|道具场用品,false,(道具场专用道具) 使人物能够从糖泡中钻出来。,config/DealProp2.xml|config/propdescrip.xml,confirmed-client-config
20023,电动钻头,inventory-consumable,道具|道具场用品,false,(道具场专用道具) 直接毁坏玩家面向的一个可破坏的物体。,config/DealProp2.xml|config/propdescrip.xml,confirmed-client-config
20024,飞镖,inventory-consumable,道具|道具场用品,false,(道具场专用道具) 可投掷，飞行中遇到糖泡会引爆糖泡。,config/DealProp2.xml|config/propdescrip.xml,confirmed-client-config
20025,变身卷轴,inventory-consumable,道具|道具场用品,false,(道具场专用道具) 将对方的一个玩家变为小动物一段时间。,config/DealProp2.xml|config/propdescrip.xml,confirmed-client-config
20026,生命护符,inventory-consumable,道具|道具场用品,false,(道具场专用道具) 能帮助角色低档一次攻击 。,config/DealProp2.xml|config/propdescrip.xml,confirmed-client-config
20027,超强的泻药,inventory-consumable,item|探险场用品|道具,false,(探险模式专用道具) 体力降至最低，人物速度极大幅度增加。,config/DealProp2.xml|config/propdescrip.xml|object/itemCFG.py,confirmed-client-config
20028,嘲笑药水,inventory-consumable,item|探险场用品|道具,false,(探险模式专用道具) 让怪物暂时主动攻击自己。,config/DealProp2.xml|config/propdescrip.xml|object/itemCFG.py,confirmed-client-config
20030,盖亚之种,inventory-consumable,item|探险场用品|道具,false,(探险模式专用道具) 一段时间提升自己的糖泡恢复速度。,config/DealProp2.xml|config/propdescrip.xml|object/itemCFG.py,confirmed-client-config
20031,攻击陷阱,inventory-consumable,探险场用品|道具,false,(探险模式专用道具) 踩中后会发生爆炸。,config/DealProp2.xml|config/propdescrip.xml,confirmed-client-config
20032,过期的牛奶,inventory-consumable,item|探险场用品|道具,false,(探险模式专用道具) 体力降至最低，糖炮强度极大幅度增加,config/DealProp2.xml|config/propdescrip.xml|object/itemCFG.py,confirmed-client-config
20033,寒冰抵抗药剂,inventory-consumable,item|探险场用品|道具,false,(探险模式专用道具) 一定时间内不受到冰冻的伤害，不会被减速。,config/DealProp2.xml|config/propdescrip.xml|object/itemCFG.py,confirmed-client-config
20034,黑萎草,inventory-consumable,item|探险场用品|道具,false,(探险模式专用道具) 一定时间糖炮数量增加。,config/DealProp2.xml|config/propdescrip.xml|object/itemCFG.py,confirmed-client-config
20035,火焰抵抗药剂,inventory-consumable,item|探险场用品|道具,false,(探险模式专用道具) 一定时间内不受到火焰的伤害。,config/DealProp2.xml|config/propdescrip.xml|object/itemCFG.py,confirmed-client-config
20036,急救包,inventory-consumable,item|探险场用品|道具,false,(探险模式专用道具) 可以复活玩家所站格内已死亡的同伴并补充适量体力。,config/DealProp2.xml|config/propdescrip.xml|object/itemCFG.py,confirmed-client-config
20037,解毒药,inventory-consumable,item|探险场用品|道具,false,(探险模式专用道具) 一定时间内不受到毒药的伤害。,config/DealProp2.xml|config/propdescrip.xml|object/itemCFG.py,confirmed-client-config
20038,酷比的力量,inventory-consumable,item|探险场用品|道具,false,(探险模式专用道具) 体力降至最低，糖炮恢复速度极大幅度增加。,config/DealProp2.xml|config/propdescrip.xml|object/itemCFG.py,confirmed-client-config
20039,力量药水,inventory-consumable,item|探险场用品|道具,false,(探险模式专用道具) 一段时间提升自己的糖泡威力。,config/DealProp2.xml|config/propdescrip.xml|object/itemCFG.py,confirmed-client-config
20040,玫瑰药水,inventory-consumable,item|探险场用品|道具,false,(探险模式专用道具) 让怪物暂时不再攻击自己。,config/DealProp2.xml|config/propdescrip.xml|object/itemCFG.py,confirmed-client-config
20042,闪电抵抗药剂,inventory-consumable,item|探险场用品|道具,false,(探险模式专用道具) 一定时间内不受到闪电的伤害，不会被眩晕。,config/DealProp2.xml|config/propdescrip.xml|object/itemCFG.py,confirmed-client-config
20043,大体力药水,inventory-consumable,item|探险场用品|道具,false,(探险模式专用道具) 可以恢复大量的玩家hp。,config/DealProp2.xml|config/propdescrip.xml|object/itemCFG.py,confirmed-client-config
20044,小体力药水,inventory-consumable,item|探险场用品|道具,false,(探险模式专用道具) 可以恢复少量的玩家hp。,config/DealProp2.xml|config/propdescrip.xml|object/itemCFG.py,confirmed-client-config
20045,中体力药水,inventory-consumable,item|探险场用品|道具,false,(探险模式专用道具) 可以恢复中量的玩家hp。,config/DealProp2.xml|config/propdescrip.xml|object/itemCFG.py,confirmed-client-config
20046,万能药剂,inventory-consumable,探险场用品,false,(通用道具) 解除自己的不良状态。,config/DealProp2.xml,confirmed-client-config
20047,无敌药剂,inventory-consumable,item|探险场用品|道具,false,(探险模式专用道具) 一定时间内不受到任何伤害,config/DealProp2.xml|config/propdescrip.xml|object/itemCFG.py,confirmed-client-config
20048,无限的糖浆,inventory-consumable,item|探险场用品|道具,false,(探险模式专用道具) 体力降至最低，糖炮数量极大幅度增加。,config/DealProp2.xml|config/propdescrip.xml|object/itemCFG.py,confirmed-client-config
20050,医疗包,inventory-consumable,item|探险场用品|道具,false,(探险模式专用道具) 可以复活玩家所站格内已死亡的同伴并补充少量体力。,config/DealProp2.xml|config/propdescrip.xml|object/itemCFG.py,confirmed-client-config
20051,赤水晶,forge-gem,forge|道具|锻造宝石,false,最低级的神奇水晶石，可以用来锻造道具,config/DealProp2.xml|config/propdescrip.xml|object/itemCFG.py,confirmed-client-config
20052,橙水晶,forge-gem,forge|道具|锻造宝石,false,神奇的七色水晶石之一，可以用来锻造道具。锻造效果比赤水晶效果好，锻造高级颜色的几率较高,config/DealProp2.xml|config/propdescrip.xml|object/itemCFG.py,confirmed-client-config
20053,黄水晶,forge-gem,forge|道具|锻造宝石,false,神奇的七色水晶石之一，可以用来锻造道具。锻造百分百成功，比橙水晶更加高级。,config/DealProp2.xml|config/propdescrip.xml|object/itemCFG.py,confirmed-client-config
20054,绿水晶,forge-gem,forge|道具|锻造宝石,false,神奇的七色水晶石之一，可以用来锻造道具。百分百锻造出二级以上特效和中高级颜色。,config/DealProp2.xml|config/propdescrip.xml|object/itemCFG.py,confirmed-client-config
20055,青水晶,forge-gem,forge|道具|锻造宝石,false,神奇的七色水晶石之一，可以用来锻造道具。极大的概率锻造出最高级颜色装备－紫色装备。,config/DealProp2.xml|config/propdescrip.xml|object/itemCFG.py,confirmed-client-config
20056,蓝水晶,forge-gem,forge|道具|锻造宝石,false,神奇的七色水晶石之一，可以用来锻造道具。极大的概率锻造出终极特效装备－五级特效。,config/DealProp2.xml|config/propdescrip.xml|object/itemCFG.py,confirmed-client-config
20057,紫水晶,forge-gem,forge|道具|锻造宝石,false,最高级最神奇的七色水晶石，可以用来锻造道具。极大的概率锻造出具有终极特效的紫色装备。,config/DealProp2.xml|config/propdescrip.xml|object/itemCFG.py,confirmed-client-config
20058,红色结婚礼花,inventory-consumable,item|婚礼类物品|道具,false,婚礼上用到的礼花，绽放红色火焰（只能在道具场和探险地图使用）,config/DealProp2.xml|config/propdescrip.xml|object/itemCFG.py,confirmed-client-config
20059,蓝色结婚礼花,inventory-consumable,item|婚礼类物品|道具,false,婚礼上用到的礼花，绽放蓝色火焰（只能在道具场和探险地图使用）,config/DealProp2.xml|config/propdescrip.xml|object/itemCFG.py,confirmed-client-config
20060,紫色结婚礼花,inventory-consumable,item|婚礼类物品|道具,false,婚礼上用到的礼花，绽放紫色火焰（只能在道具场和探险地图使用）,config/DealProp2.xml|config/propdescrip.xml|object/itemCFG.py,confirmed-client-config
20061,黄色结婚礼花,inventory-consumable,item|婚礼类物品|道具,false,婚礼上用到的礼花，绽放黄色火焰（只能在道具场和探险地图使用）,config/DealProp2.xml|config/propdescrip.xml|object/itemCFG.py,confirmed-client-config
20062,绿色结婚礼花,inventory-consumable,item|婚礼类物品|道具,false,婚礼上用到的礼花，绽放绿色火焰（只能在道具场和探险地图使用）,config/DealProp2.xml|config/propdescrip.xml|object/itemCFG.py,confirmed-client-config
20063,心型结婚礼花,inventory-consumable,item|婚礼类物品|道具,false,爱情的见证，绽放心型礼花（只能在道具场和探险地图使用）,config/DealProp2.xml|config/propdescrip.xml|object/itemCFG.py,confirmed-client-config
20064,QQ堂礼花,inventory-consumable,item|婚礼类物品|道具,false,绽放QQ堂标志的礼花（只能在道具场和探险地图使用）,config/DealProp2.xml|config/propdescrip.xml|object/itemCFG.py,confirmed-client-config
20100,小复活卡,inventory-consumable,item|道具,false,(探险模式专用) 复活自己，并恢复10%的hp。,config/propdescrip.xml|object/itemCFG.py,confirmed-client-config
20101,大复活卡,inventory-consumable,item|道具,false,(探险模式专用) 复活自己，并恢复30%的hp。,config/propdescrip.xml|object/itemCFG.py,confirmed-client-config
24003,超级火焰药水合成书,craft-recipe,学习书|道具合成书,true,学习后可以制作超级火焰药水,config/DealProp2.xml|config/propdescrip.xml,confirmed-client-config
24006,超级糖浆合成书,craft-recipe,学习书|道具合成书,true,学习后可以制作超级糖浆,config/DealProp2.xml|config/propdescrip.xml,confirmed-client-config
24007,透明泡泡药水合成书,craft-recipe,学习书|道具合成书,true,学习后可以制作透明泡泡药水,config/DealProp2.xml|config/propdescrip.xml,confirmed-client-config
24008,眩晕陷阱合成书,craft-recipe,学习书|道具合成书,true,学习后可以制作眩晕陷阱,config/DealProp2.xml|config/propdescrip.xml,confirmed-client-config
24009,减速陷阱合成书,craft-recipe,学习书|道具合成书,true,学习后可以制作减速陷阱,config/DealProp2.xml|config/propdescrip.xml,confirmed-client-config
24010,反向陷阱合成书,craft-recipe,学习书|道具合成书,true,学习后可以制作反向陷阱,config/DealProp2.xml|config/propdescrip.xml,confirmed-client-config
24011,力量护符合成书,craft-recipe,学习书|道具合成书,true,学习后可以制作力量护符,config/DealProp2.xml|config/propdescrip.xml,confirmed-client-config
24012,急速护符合成书,craft-recipe,学习书|道具合成书,true,学习后可以制作急速护符,config/DealProp2.xml|config/propdescrip.xml,confirmed-client-config
24013,穿墙护符合成书,craft-recipe,学习书|道具合成书,true,学习后可以制作穿墙护符合,config/DealProp2.xml|config/propdescrip.xml,confirmed-client-config
24014,探测护符合成书,craft-recipe,学习书|道具合成书,true,学习后可以制作探测护符,config/DealProp2.xml|config/propdescrip.xml,confirmed-client-config
24015,恶魔卷轴合成书,craft-recipe,学习书|道具合成书,true,学习后可以制作恶魔卷轴,config/DealProp2.xml|config/propdescrip.xml,confirmed-client-config
24016,恐怖卷轴合成书,craft-recipe,学习书|道具合成书,true,学习后可以制作恐怖卷轴,config/DealProp2.xml|config/propdescrip.xml,confirmed-client-config
24017,冰冻卷轴合成书,craft-recipe,学习书|道具合成书,true,学习后可以制作冰冻卷轴,config/DealProp2.xml|config/propdescrip.xml,confirmed-client-config
24018,爆炸陷阱合成书,craft-recipe,学习书|道具合成书,true,学习后可以制作爆炸陷阱,config/DealProp2.xml|config/propdescrip.xml,confirmed-client-config
24019,冲刺药水合成书,craft-recipe,学习书|道具合成书,true,学习后可以制作冲刺药水,config/DealProp2.xml|config/propdescrip.xml,confirmed-client-config
24020,万能药剂合成书,craft-recipe,学习书|道具合成书,true,学习后可以制作万能药剂,config/DealProp2.xml|config/propdescrip.xml,confirmed-client-config
24021,抵御护符合成书,craft-recipe,学习书|道具合成书,true,学习后可以制作抵御护符,config/DealProp2.xml|config/propdescrip.xml,confirmed-client-config
24022,叉子合成书,craft-recipe,学习书|道具合成书,true,学习后可以制作叉子,config/DealProp2.xml|config/propdescrip.xml,confirmed-client-config
24023,电动钻头合成书,craft-recipe,学习书|道具合成书,true,学习后可以制作电动钻头,config/DealProp2.xml|config/propdescrip.xml,confirmed-client-config
24024,飞镖合成书,craft-recipe,学习书|道具合成书,true,学习后可以制作飞镖,config/DealProp2.xml|config/propdescrip.xml,confirmed-client-config
24025,变身卷轴合成书,craft-recipe,学习书|道具合成书,true,学习后可以制作变身卷轴,config/DealProp2.xml|config/propdescrip.xml,confirmed-client-config
24026,生命护符合成书,craft-recipe,学习书|道具合成书,true,学习后可以制作生命护符,config/DealProp2.xml|config/propdescrip.xml,confirmed-client-config
24027,超强的泻药合成书,craft-recipe,学习书|道具合成书,true,学习后可以制作超强的泻药,config/DealProp2.xml|config/propdescrip.xml,confirmed-client-config
24028,嘲笑药水合成书,craft-recipe,学习书|道具合成书,true,学习后可以制作嘲笑药水,config/DealProp2.xml|config/propdescrip.xml,confirmed-client-config
24030,盖亚之种合成书,craft-recipe,学习书|道具合成书,true,学习后可以制作盖亚之种,config/DealProp2.xml|config/propdescrip.xml,confirmed-client-config
24031,攻击陷阱合成书,craft-recipe,学习书|道具合成书,true,学习后可以制作攻击陷阱,config/DealProp2.xml|config/propdescrip.xml,confirmed-client-config
24032,过期的牛奶合成书,craft-recipe,学习书|道具合成书,true,学习后可以制作过期的牛奶,config/DealProp2.xml|config/propdescrip.xml,confirmed-client-config
24033,寒冰抵抗药剂合成书,craft-recipe,学习书|道具合成书,true,学习后可以制作寒冰抵抗药剂,config/DealProp2.xml|config/propdescrip.xml,confirmed-client-config
24034,黑萎草合成书,craft-recipe,学习书|道具合成书,true,学习后可以制作黑萎草,config/DealProp2.xml|config/propdescrip.xml,confirmed-client-config
24035,火焰抵抗药剂合成书,craft-recipe,学习书|道具合成书,true,学习后可以制作火焰抵抗药剂,config/DealProp2.xml|config/propdescrip.xml,confirmed-client-config
24036,急救包合成书,craft-recipe,学习书|道具合成书,true,学习后可以制作急救包,config/DealProp2.xml|config/propdescrip.xml,confirmed-client-config
24037,解毒药合成书,craft-recipe,学习书|道具合成书,true,学习后可以制作解毒药,config/DealProp2.xml|config/propdescrip.xml,confirmed-client-config
24038,酷比的力量合成书,craft-recipe,学习书|道具合成书,true,学习后可以制作酷比的力量,config/DealProp2.xml|config/propdescrip.xml,confirmed-client-config
24039,力量药水合成书,craft-recipe,学习书|道具合成书,true,学习后可以制作力量药水,config/DealProp2.xml|config/propdescrip.xml,confirmed-client-config
24040,玫瑰药水合成书,craft-recipe,学习书|道具合成书,true,学习后可以制作玫瑰药水,config/DealProp2.xml|config/propdescrip.xml,confirmed-client-config
24042,闪电抵抗药剂合成书,craft-recipe,学习书|道具合成书,true,学习后可以制作闪电抵抗药剂,config/DealProp2.xml|config/propdescrip.xml,confirmed-client-config
24043,大体力药水合成书,craft-recipe,学习书|道具合成书,true,学习后可以制作大体力药水,config/DealProp2.xml|config/propdescrip.xml,confirmed-client-config
24044,小体力药水合成书,craft-recipe,学习书|道具合成书,true,学习后可以制作小体力药水,config/DealProp2.xml|config/propdescrip.xml,confirmed-client-config
24045,中体力药水合成书,craft-recipe,学习书|道具合成书,true,学习后可以制作中体力药水,config/DealProp2.xml|config/propdescrip.xml,confirmed-client-config
24047,无敌药剂合成书,craft-recipe,学习书|道具合成书,true,学习后可以制作无敌药剂,config/DealProp2.xml|config/propdescrip.xml,confirmed-client-config
24048,无限的糖浆合成书,craft-recipe,学习书|道具合成书,true,学习后可以制作无限的糖浆,config/DealProp2.xml|config/propdescrip.xml,confirmed-client-config
24049,消失药水合成书,craft-recipe,道具合成书,true,学习后可以制作消失药水,config/DealProp2.xml,confirmed-client-config
24050,医疗包合成书,craft-recipe,学习书|道具合成书,true,学习后可以制作医疗包,config/DealProp2.xml|config/propdescrip.xml,confirmed-client-config
24051,赤水晶合成书,forge-gem,学习书|锻造宝石,true,可以学会制作赤色水晶石。,config/DealProp2.xml|config/propdescrip.xml,confirmed-client-config
24052,橙水晶合成书,forge-gem,学习书|锻造宝石,true,可以学会制作橙色水晶石。,config/DealProp2.xml|config/propdescrip.xml,confirmed-client-config
24053,黄水晶合成书,forge-gem,学习书|锻造宝石,true,可以学会制作黄色水晶石。,config/DealProp2.xml|config/propdescrip.xml,confirmed-client-config
24054,绿水晶合成书,forge-gem,学习书|锻造宝石,true,可以学会制作绿色水晶石。,config/DealProp2.xml|config/propdescrip.xml,confirmed-client-config
24055,青水晶合成书,forge-gem,学习书|锻造宝石,true,可以学会制作青色水晶石。,config/DealProp2.xml|config/propdescrip.xml,confirmed-client-config
24056,蓝水晶合成书,forge-gem,学习书|锻造宝石,true,可以学会制作蓝色水晶石。,config/DealProp2.xml|config/propdescrip.xml,confirmed-client-config
24057,紫水晶合成书,forge-gem,学习书|锻造宝石,true,可以学会制作紫色水晶石。,config/DealProp2.xml|config/propdescrip.xml,confirmed-client-config
24058,红色礼花合成书,account-item,婚礼类物品|学习书,true,学会制作红色结婚礼花,config/DealProp2.xml|config/propdescrip.xml,confirmed-client-config
24059,蓝色礼花合成书,account-item,婚礼类物品|学习书,true,学会制作红色结婚礼花,config/DealProp2.xml|config/propdescrip.xml,confirmed-client-config
24060,紫色礼花合成书,account-item,婚礼类物品|学习书,true,学会制作红色结婚礼花,config/DealProp2.xml|config/propdescrip.xml,confirmed-client-config
24061,黄色礼花合成书,account-item,婚礼类物品|学习书,true,学会制作红色结婚礼花,config/DealProp2.xml|config/propdescrip.xml,confirmed-client-config
24062,绿色礼花合成书,account-item,婚礼类物品|学习书,true,学会制作红色结婚礼花,config/DealProp2.xml|config/propdescrip.xml,confirmed-client-config
24063,心型礼花合成书,account-item,婚礼类物品|学习书,true,学会制作红色结婚礼花,config/DealProp2.xml|config/propdescrip.xml,confirmed-client-config
24064,QQ堂礼花合成书,account-item,婚礼类物品|学习书,true,学会制作红色结婚礼花,config/DealProp2.xml|config/propdescrip.xml,confirmed-client-config
25001,普通的酷比,pet-card,普通宠物,true,非常普通的酷比，看起来没什么特别,config/DealProp2.xml,confirmed-client-config
25002,富有的酷比,pet-card,一般宠物,true,具有一个天赋的酷比，可以使获得的糖币增加5%，天赋效果和同类型技能效果叠加,config/DealProp2.xml,confirmed-client-config
25003,尊崇的酷比,pet-card,一般宠物,true,具有一个天赋的酷比，可以使在购买道具和比赛中获得的声望增加5%，天赋效果和同类型技能效果叠加,config/DealProp2.xml,confirmed-client-config
25036,普通的米多,pet-card,普通宠物,true,非常普通的米多，看起来没有什么特别,config/DealProp2.xml,confirmed-client-config
25037,勇敢的米多,pet-card,一般宠物,true,具有一个天赋的米多，可以使获得的勇气增加5%，天赋效果和同类型技能效果叠加，天赋不可能学到,config/DealProp2.xml,confirmed-client-config
25038,勤劳的米多,pet-card,一般宠物,true,具有一个天赋的米多，有5%的概率使获得的道具加倍，天赋效果和同类型技能效果叠加，天赋不可能学到,config/DealProp2.xml,confirmed-client-config
25071,普通的恶魔,pet-card,普通宠物,true,非常普通的恶魔，看起来没什么特别,config/DealProp2.xml,confirmed-client-config
25072,显赫的恶魔,pet-card,一般宠物,true,具有一个天赋的恶魔，可以使获得的积分增加5%。天赋效果和同类型技能效果叠加技能效果叠加，天赋不可能学到,config/DealProp2.xml,confirmed-client-config
25073,幸运的恶魔,pet-card,一般宠物,true,具有一个天赋的恶魔，有5%的概率使得获得的积分加倍，天赋效果和同类型技能效果叠加,config/DealProp2.xml,confirmed-client-config
25079,琪琪,pet-card,优秀宠物,true,具有两个天赋的恶魔，可以使在购买道具和比赛中获得的声望增加5%，获得的积分增加5%，天赋效果和同类型技能效果叠加,config/DealProp2.xml,confirmed-client-config
25096,恩佐,pet-card,极品宠物,true,具有三个天赋的极品恶魔，可以使在购买道具和比赛中获得的声望增加5%，获得的积分增加5%，获得的勇气增加5%，天赋效果和同类型技能效果叠加,config/DealProp2.xml,confirmed-client-config
25106,普通的猪,pet-card,普通宠物,true,非常普通的猪，看起来没什么特别,config/DealProp2.xml,confirmed-client-config
25114,布鲁斯,pet-card,优秀宠物,true,具有两个天赋的猪，可以使获得的勇气增加5%，获得的积分增加5%。天赋效果和同类型技能效果叠加,config/DealProp2.xml,confirmed-client-config
26001,宠物体力药水,pet-food,food,true,,object/itemCFG.py,confirmed-client-config
26002,宠物粮食小,pet-food,food,true,,object/itemCFG.py,confirmed-client-config
26003,宠物粮食中,pet-food,food,true,,object/itemCFG.py,confirmed-client-config
26004,宠物粮食大,pet-food,food,true,,object/itemCFG.py,confirmed-client-config
26005,心情棒棒糖小,pet-food,food,true,,object/itemCFG.py,confirmed-client-config
26006,心情棒棒糖中,pet-food,food,true,,object/itemCFG.py,confirmed-client-config
26007,心情棒棒糖大,pet-food,food,true,,object/itemCFG.py,confirmed-client-config
26008,花生仁巧克力,pet-food,food,true,,object/itemCFG.py,confirmed-client-config
26009,松子仁巧克力,pet-food,food,true,,object/itemCFG.py,confirmed-client-config
26010,榛子仁巧克力,pet-food,food,true,,object/itemCFG.py,confirmed-client-config
27001,糖币加加1级,pet-skill-book,skill|糖币加加技能书,true,宠物一级技能之一，增加所获得的糖币5%，同类型技能效果叠加，学习此技能以后不能学习其他一级技能。,config/DealProp2.xml|object/itemCFG.py,confirmed-client-config
27002,糖币加加2级,pet-skill-book,skill|糖币加加技能书,true,宠物二级技能之一，增加所获得的糖币5%，同类型技能效果叠加，学习此技能以后不能学习其他二级技能。,config/DealProp2.xml|object/itemCFG.py,confirmed-client-config
27003,糖币加加3级,pet-skill-book,skill|糖币加加技能书,true,宠物三级技能之一，增加所获得的糖币5%，同类型技能效果叠加，学习此技能以后不能学习其他三级技能。,config/DealProp2.xml|object/itemCFG.py,confirmed-client-config
27004,糖币加加4级,pet-skill-book,skill|糖币加加技能书,true,宠物四级技能之一，增加所获得的糖币5%，同类型技能效果叠加，学习此技能以后不能学习其他四级技能。,config/DealProp2.xml|object/itemCFG.py,confirmed-client-config
27005,糖币加加5级,pet-skill-book,skill|糖币加加技能书,true,宠物五级技能之一，增加所获得的糖币5%，同类型技能效果叠加，学习此技能以后不能学习其他五级技能。,config/DealProp2.xml|object/itemCFG.py,confirmed-client-config
27006,糖币加加6级,pet-skill-book,skill|糖币加加技能书,true,宠物六级技能之一，增加所获得的糖币5%，同类型技能效果叠加，学习此技能以后不能学习其他六级技能。,config/DealProp2.xml|object/itemCFG.py,confirmed-client-config
27007,糖币加加7级,pet-skill-book,skill|糖币加加技能书,true,宠物七级技能之一，增加所获得的糖币5%，同类型技能效果叠加，学习此技能以后不能学习其他七级技能。,config/DealProp2.xml|object/itemCFG.py,confirmed-client-config
27008,糖币加加8级,pet-skill-book,skill|糖币加加技能书,true,宠物八级技能之一，增加所获得的糖币5%，同类型技能效果叠加，学习此技能以后不能学习其他八级技能。,config/DealProp2.xml|object/itemCFG.py,confirmed-client-config
27009,糖币加加9级,pet-skill-book,skill|糖币加加技能书,true,宠物九级技能之一，增加所获得的糖币5%，同类型技能效果叠加，学习此技能以后不能学习其他九级技能。,config/DealProp2.xml|object/itemCFG.py,confirmed-client-config
27010,糖币加加10级,pet-skill-book,skill|糖币加加技能书,true,宠物十级技能之一，增加所获得的糖币5%，同类型技能效果叠加，学习此技能以后不能学习其他十级技能。,config/DealProp2.xml|object/itemCFG.py,confirmed-client-config
27011,勇气加加1级,pet-skill-book,skill|勇气加加技能书,true,宠物一级技能之一，增加所获得的勇气3%，同类型技能效果叠加，学习此技能以后不能学习其他一级技能。,config/DealProp2.xml|object/itemCFG.py,confirmed-client-config
27012,勇气加加2级,pet-skill-book,skill|勇气加加技能书,true,宠物二级技能之一，增加所获得的勇气3%，同类型技能效果叠加，学习此技能以后不能学习其他二级技能。,config/DealProp2.xml|object/itemCFG.py,confirmed-client-config
27013,勇气加加3级,pet-skill-book,skill|勇气加加技能书,true,宠物三级技能之一，增加所获得的勇气3%，同类型技能效果叠加，学习此技能以后不能学习其他三级技能。,config/DealProp2.xml|object/itemCFG.py,confirmed-client-config
27014,勇气加加4级,pet-skill-book,skill|勇气加加技能书,true,宠物四级技能之一，增加所获得的勇气3%，同类型技能效果叠加，学习此技能以后不能学习其他四级技能。,config/DealProp2.xml|object/itemCFG.py,confirmed-client-config
27015,勇气加加5级,pet-skill-book,skill|勇气加加技能书,true,宠物五级技能之一，增加所获得的勇气3%，同类型技能效果叠加，学习此技能以后不能学习其他五级技能。,config/DealProp2.xml|object/itemCFG.py,confirmed-client-config
27016,勇气加加6级,pet-skill-book,skill|勇气加加技能书,true,宠物六级技能之一，增加所获得的勇气3%，同类型技能效果叠加，学习此技能以后不能学习其他六级技能。,config/DealProp2.xml|object/itemCFG.py,confirmed-client-config
27017,勇气加加7级,pet-skill-book,skill|勇气加加技能书,true,宠物七级技能之一，增加所获得的勇气3%，同类型技能效果叠加，学习此技能以后不能学习其他七级技能。,config/DealProp2.xml|object/itemCFG.py,confirmed-client-config
27018,勇气加加8级,pet-skill-book,skill|勇气加加技能书,true,宠物八级技能之一，增加所获得的勇气3%，同类型技能效果叠加，学习此技能以后不能学习其他八级技能。,config/DealProp2.xml|object/itemCFG.py,confirmed-client-config
27019,勇气加加9级,pet-skill-book,skill|勇气加加技能书,true,宠物九级技能之一，增加所获得的勇气3%，同类型技能效果叠加，学习此技能以后不能学习其他九级技能。,config/DealProp2.xml|object/itemCFG.py,confirmed-client-config
27020,勇气加加10级,pet-skill-book,skill|勇气加加技能书,true,宠物十级技能之一，增加所获得的勇气3%，同类型技能效果叠加，学习此技能以后不能学习其他十级技能。,config/DealProp2.xml|object/itemCFG.py,confirmed-client-config
27021,积分加加1级,pet-skill-book,skill|积分加加技能书,true,宠物一级技能之一，增加所获得的积分3%，同类型技能效果叠加，学习此技能以后不能学习其他一级技能。,config/DealProp2.xml|object/itemCFG.py,confirmed-client-config
27022,积分加加2级,pet-skill-book,skill|积分加加技能书,true,宠物二级技能之一，增加所获得的积分3%，同类型技能效果叠加，学习此技能以后不能学习其他二级技能。,config/DealProp2.xml|object/itemCFG.py,confirmed-client-config
27023,积分加加3级,pet-skill-book,skill|积分加加技能书,true,宠物三级技能之一，增加所获得的积分3%，同类型技能效果叠加，学习此技能以后不能学习其他三级技能。,config/DealProp2.xml|object/itemCFG.py,confirmed-client-config
27024,积分加加4级,pet-skill-book,skill|积分加加技能书,true,宠物四级技能之一，增加所获得的积分3%，同类型技能效果叠加，学习此技能以后不能学习其他四级技能。,config/DealProp2.xml|object/itemCFG.py,confirmed-client-config
27025,积分加加5级,pet-skill-book,skill|积分加加技能书,true,宠物五级技能之一，增加所获得的积分3%，同类型技能效果叠加，学习此技能以后不能学习其他五级技能。,config/DealProp2.xml|object/itemCFG.py,confirmed-client-config
27026,积分加加6级,pet-skill-book,skill|积分加加技能书,true,宠物六级技能之一，增加所获得的积分3%，同类型技能效果叠加，学习此技能以后不能学习其他六级技能。,config/DealProp2.xml|object/itemCFG.py,confirmed-client-config
27027,积分加加7级,pet-skill-book,skill|积分加加技能书,true,宠物七级技能之一，增加所获得的积分3%，同类型技能效果叠加，学习此技能以后不能学习其他七级技能。,config/DealProp2.xml|object/itemCFG.py,confirmed-client-config
27028,积分加加8级,pet-skill-book,skill|积分加加技能书,true,宠物八级技能之一，增加所获得的积分3%，同类型技能效果叠加，学习此技能以后不能学习其他八级技能。,config/DealProp2.xml|object/itemCFG.py,confirmed-client-config
27029,积分加加9级,pet-skill-book,skill|积分加加技能书,true,宠物九级技能之一，增加所获得的积分3%，同类型技能效果叠加，学习此技能以后不能学习其他九级技能。,config/DealProp2.xml|object/itemCFG.py,confirmed-client-config
27030,积分加加10级,pet-skill-book,skill|积分加加技能书,true,宠物十级技能之一，增加所获得的积分3%，同类型技能效果叠加，学习此技能以后不能学习其他十级技能。,config/DealProp2.xml|object/itemCFG.py,confirmed-client-config
27031,声望加加1级,pet-skill-book,skill|声望加加技能书,true,宠物一级技能之一，增加所获得的声望3%，同类型技能效果叠加，学习此技能以后不能学习其他一级技能。,config/DealProp2.xml|object/itemCFG.py,confirmed-client-config
27032,声望加加2级,pet-skill-book,skill|声望加加技能书,true,宠物二级技能之一，增加所获得的声望3%，同类型技能效果叠加，学习此技能以后不能学习其他二级技能。,config/DealProp2.xml|object/itemCFG.py,confirmed-client-config
27033,声望加加3级,pet-skill-book,skill|声望加加技能书,true,宠物三级技能之一，增加所获得的声望3%，同类型技能效果叠加，学习此技能以后不能学习其他三级技能。,config/DealProp2.xml|object/itemCFG.py,confirmed-client-config
27034,声望加加4级,pet-skill-book,skill|声望加加技能书,true,宠物四级技能之一，增加所获得的声望3%，同类型技能效果叠加，学习此技能以后不能学习其他四级技能。,config/DealProp2.xml|object/itemCFG.py,confirmed-client-config
27035,声望加加5级,pet-skill-book,skill|声望加加技能书,true,宠物五级技能之一，增加所获得的声望3%，同类型技能效果叠加，学习此技能以后不能学习其他五级技能。,config/DealProp2.xml|object/itemCFG.py,confirmed-client-config
27036,声望加加6级,pet-skill-book,skill|声望加加技能书,true,宠物六级技能之一，增加所获得的声望3%，同类型技能效果叠加，学习此技能以后不能学习其他六级技能。,config/DealProp2.xml|object/itemCFG.py,confirmed-client-config
27037,声望加加7级,pet-skill-book,skill|声望加加技能书,true,宠物七级技能之一，增加所获得的声望3%，同类型技能效果叠加，学习此技能以后不能学习其他七级技能。,config/DealProp2.xml|object/itemCFG.py,confirmed-client-config
27038,声望加加8级,pet-skill-book,skill|声望加加技能书,true,宠物八级技能之一，增加所获得的声望3%，同类型技能效果叠加，学习此技能以后不能学习其他八级技能。,config/DealProp2.xml|object/itemCFG.py,confirmed-client-config
27039,声望加加9级,pet-skill-book,skill|声望加加技能书,true,宠物九级技能之一，增加所获得的声望3%，同类型技能效果叠加，学习此技能以后不能学习其他九级技能。,config/DealProp2.xml|object/itemCFG.py,confirmed-client-config
27040,声望加加10级,pet-skill-book,skill|声望加加技能书,true,宠物十级技能之一，增加所获得的声望3%，同类型技能效果叠加，学习此技能以后不能学习其他十级技能。,config/DealProp2.xml|object/itemCFG.py,confirmed-client-config
27041,材料多多1级,pet-skill-book,skill|材料多多技能书,true,宠物一级技能之一，有3%的概率使获得的材料翻倍，同类型技能效果叠加，学习此技能以后不能学习其他一级技能。,config/DealProp2.xml|object/itemCFG.py,confirmed-client-config
27042,材料多多2级,pet-skill-book,skill|材料多多技能书,true,宠物二级技能之一，有3%的概率使获得的材料翻倍，同类型技能效果叠加，学习此技能以后不能学习其他二级技能。,config/DealProp2.xml|object/itemCFG.py,confirmed-client-config
27043,材料多多3级,pet-skill-book,skill|材料多多技能书,true,宠物三级技能之一，有3%的概率使获得的材料翻倍，同类型技能效果叠加，学习此技能以后不能学习其他三级技能。,config/DealProp2.xml|object/itemCFG.py,confirmed-client-config
27044,材料多多4级,pet-skill-book,skill|材料多多技能书,true,宠物四级技能之一，有3%的概率使获得的材料翻倍，同类型技能效果叠加，学习此技能以后不能学习其他四级技能。,config/DealProp2.xml|object/itemCFG.py,confirmed-client-config
27045,材料多多5级,pet-skill-book,skill|材料多多技能书,true,宠物五级技能之一，有3%的概率使获得的材料翻倍，同类型技能效果叠加，学习此技能以后不能学习其他五级技能。,config/DealProp2.xml|object/itemCFG.py,confirmed-client-config
27046,材料多多6级,pet-skill-book,skill|材料多多技能书,true,宠物六级技能之一，有3%的概率使获得的材料翻倍，同类型技能效果叠加，学习此技能以后不能学习其他六级技能。,config/DealProp2.xml|object/itemCFG.py,confirmed-client-config
27047,材料多多7级,pet-skill-book,skill|材料多多技能书,true,宠物七级技能之一，有3%的概率使获得的材料翻倍，同类型技能效果叠加，学习此技能以后不能学习其他七级技能。,config/DealProp2.xml|object/itemCFG.py,confirmed-client-config
27048,材料多多8级,pet-skill-book,skill|材料多多技能书,true,宠物八级技能之一，有3%的概率使获得的材料翻倍，同类型技能效果叠加，学习此技能以后不能学习其他八级技能。,config/DealProp2.xml|object/itemCFG.py,confirmed-client-config
27049,材料多多9级,pet-skill-book,skill|材料多多技能书,true,宠物九级技能之一，有3%的概率使获得的材料翻倍，同类型技能效果叠加，学习此技能以后不能学习其他九级技能。,config/DealProp2.xml|object/itemCFG.py,confirmed-client-config
27050,材料多多10级,pet-skill-book,skill|材料多多技能书,true,宠物十级技能之一，有3%的概率使获得的材料翻倍，同类型技能效果叠加，学习此技能以后不能学习其他十级技能。,config/DealProp2.xml|object/itemCFG.py,confirmed-client-config
27051,积分多多1级,pet-skill-book,skill|积分多多技能书,true,宠物一级技能之一，有3%的概率使获得的积分翻倍，同类型技能效果叠加，学习此技能以后不能学习其他一级技能。,config/DealProp2.xml|object/itemCFG.py,confirmed-client-config
27052,积分多多2级,pet-skill-book,skill|积分多多技能书,true,宠物二级技能之一，有3%的概率使获得的积分翻倍，同类型技能效果叠加，学习此技能以后不能学习其他二级技能。,config/DealProp2.xml|object/itemCFG.py,confirmed-client-config
27053,积分多多3级,pet-skill-book,skill|积分多多技能书,true,宠物三级技能之一，有3%的概率使获得的积分翻倍，同类型技能效果叠加，学习此技能以后不能学习其他三级技能。,config/DealProp2.xml|object/itemCFG.py,confirmed-client-config
27054,积分多多4级,pet-skill-book,skill|积分多多技能书,true,宠物四级技能之一，有3%的概率使获得的积分翻倍，同类型技能效果叠加，学习此技能以后不能学习其他四级技能。,config/DealProp2.xml|object/itemCFG.py,confirmed-client-config
27055,积分多多5级,pet-skill-book,skill|积分多多技能书,true,宠物五级技能之一，有3%的概率使获得的积分翻倍，同类型技能效果叠加，学习此技能以后不能学习其他五级技能。,config/DealProp2.xml|object/itemCFG.py,confirmed-client-config
27056,积分多多6级,pet-skill-book,skill|积分多多技能书,true,宠物六级技能之一，有3%的概率使获得的积分翻倍，同类型技能效果叠加，学习此技能以后不能学习其他六级技能。,config/DealProp2.xml|object/itemCFG.py,confirmed-client-config
27057,积分多多7级,pet-skill-book,skill|积分多多技能书,true,宠物七级技能之一，有3%的概率使获得的积分翻倍，同类型技能效果叠加，学习此技能以后不能学习其他七级技能。,config/DealProp2.xml|object/itemCFG.py,confirmed-client-config
27058,积分多多8级,pet-skill-book,skill|积分多多技能书,true,宠物八级技能之一，有3%的概率使获得的积分翻倍，同类型技能效果叠加，学习此技能以后不能学习其他八级技能。,config/DealProp2.xml|object/itemCFG.py,confirmed-client-config
27059,积分多多9级,pet-skill-book,skill|积分多多技能书,true,宠物九级技能之一，有3%的概率使获得的积分翻倍，同类型技能效果叠加，学习此技能以后不能学习其他九级技能。,config/DealProp2.xml|object/itemCFG.py,confirmed-client-config
27060,积分多多10级,pet-skill-book,skill|积分多多技能书,true,宠物十级技能之一，有3%的概率使获得的积分翻倍，同类型技能效果叠加，学习此技能以后不能学习其他十级技能。,config/DealProp2.xml|object/itemCFG.py,confirmed-client-config
27061,勇气多多1级,account-item,skill,true,,object/itemCFG.py,confirmed-client-config
27062,勇气多多2级,account-item,skill,true,,object/itemCFG.py,confirmed-client-config
27063,勇气多多3级,account-item,skill,true,,object/itemCFG.py,confirmed-client-config
27064,勇气多多4级,account-item,skill,true,,object/itemCFG.py,confirmed-client-config
27065,勇气多多5级,account-item,skill,true,,object/itemCFG.py,confirmed-client-config
27066,勇气多多6级,account-item,skill,true,,object/itemCFG.py,confirmed-client-config
27067,勇气多多7级,account-item,skill,true,,object/itemCFG.py,confirmed-client-config
27068,勇气多多8级,account-item,skill,true,,object/itemCFG.py,confirmed-client-config
27069,勇气多多9级,account-item,skill,true,,object/itemCFG.py,confirmed-client-config
27070,勇气多多10级,account-item,skill,true,,object/itemCFG.py,confirmed-client-config
27071,亲密多多1级,account-item,skill,true,,object/itemCFG.py,confirmed-client-config
27072,亲密多多2级,account-item,skill,true,,object/itemCFG.py,confirmed-client-config
27073,亲密多多3级,account-item,skill,true,,object/itemCFG.py,confirmed-client-config
27074,亲密多多4级,account-item,skill,true,,object/itemCFG.py,confirmed-client-config
27075,亲密多多5级,account-item,skill,true,,object/itemCFG.py,confirmed-client-config
27076,亲密多多6级,account-item,skill,true,,object/itemCFG.py,confirmed-client-config
27077,亲密多多7级,account-item,skill,true,,object/itemCFG.py,confirmed-client-config
27078,亲密多多8级,account-item,skill,true,,object/itemCFG.py,confirmed-client-config
27079,亲密多多9级,account-item,skill,true,,object/itemCFG.py,confirmed-client-config
27080,亲密多多10级,account-item,skill,true,,object/itemCFG.py,confirmed-client-config
28001,普通的酷比,pet-card,petcard,true,,object/itemCFG.py,confirmed-client-config
28002,富有的酷比,pet-card,petcard,true,,object/itemCFG.py,confirmed-client-config
28003,尊崇的酷比,pet-card,petcard,true,,object/itemCFG.py,confirmed-client-config
28004,普通的米多,pet-card,petcard,true,,object/itemCFG.py,confirmed-client-config
28005,勇敢的米多,pet-card,petcard,true,,object/itemCFG.py,confirmed-client-config
28006,勤劳的米多,pet-card,petcard,true,,object/itemCFG.py,confirmed-client-config
28007,普通的小猪,pet-card,petcard,true,,object/itemCFG.py,confirmed-client-config
28008,布鲁斯,pet-card,petcard,true,,object/itemCFG.py,confirmed-client-config
28009,普通的恶魔,pet-card,petcard,true,,object/itemCFG.py,confirmed-client-config
28010,善战的恶魔,pet-card,petcard,true,,object/itemCFG.py,confirmed-client-config
28011,好胜的恶魔,pet-card,petcard,true,,object/itemCFG.py,confirmed-client-config
28012,琪琪,pet-card,petcard,true,,object/itemCFG.py,confirmed-client-config
28013,恩佐,pet-card,petcard,true,,object/itemCFG.py,confirmed-client-config
28014,爱情酷比,pet-card,petcard,true,,object/itemCFG.py,confirmed-client-config
28015,爱情米多,pet-card,petcard,true,,object/itemCFG.py,confirmed-client-config
28016,黑暗火焰精灵,pet-card,petcard,true,,object/itemCFG.py,confirmed-client-config
28017,光明火焰精灵,pet-card,petcard,true,,object/itemCFG.py,confirmed-client-config
28018,小菜娃,pet-card,petcard,true,,object/itemCFG.py,confirmed-client-config
28019,流光龙,pet-card,petcard,true,,object/itemCFG.py,confirmed-client-config
28020,hello dog,pet-card,petcard,true,,object/itemCFG.py,confirmed-client-config
28021,Q哥哥,pet-card,petcard,true,,object/itemCFG.py,confirmed-client-config
28022,Q妹妹,pet-card,petcard,true,,object/itemCFG.py,confirmed-client-config
28023,紫光龙,pet-card,petcard,true,,object/itemCFG.py,confirmed-client-config
28024,陆行鸟,pet-card,petcard,true,,object/itemCFG.py,confirmed-client-config
28025,粉便便,pet-card,petcard,true,,object/itemCFG.py,confirmed-client-config
28026,熊猫大宝,pet-card,petcard,true,,object/itemCFG.py,confirmed-client-config
28027,咪咪猫,pet-card,petcard,true,,object/itemCFG.py,confirmed-client-config
28028,爱心宝宝,pet-card,petcard,true,,object/itemCFG.py,confirmed-client-config
28029,梦想宝宝,pet-card,petcard,true,,object/itemCFG.py,confirmed-client-config
28030,咪咪猫,pet-card,petcard,true,,object/itemCFG.py,confirmed-client-config
28031,圣诞麋鹿,pet-card,petcard,true,,object/itemCFG.py,confirmed-client-config
28032,机甲蝎,pet-card,petcard,true,,object/itemCFG.py,confirmed-client-config
28033,幸运牛娃娃,pet-card,petcard,true,,object/itemCFG.py,confirmed-client-config
28034,丘比特,pet-card,petcard,true,,object/itemCFG.py,confirmed-client-config
28035,可爱的小猪,pet-card,petcard,true,,object/itemCFG.py,confirmed-client-config
28036,旺旺狗,pet-card,petcard,true,,object/itemCFG.py,confirmed-client-config
28037,咪咪猫,pet-card,petcard,true,,object/itemCFG.py,confirmed-client-config
28038,爱情Q哥哥,pet-card,petcard,true,,object/itemCFG.py,confirmed-client-config
28039,爱情Q妹妹,pet-card,petcard,true,,object/itemCFG.py,confirmed-client-config
28040,NO.1神兽,pet-card,petcard,true,,object/itemCFG.py,confirmed-client-config
28041,神龙,pet-card,petcard,true,,object/itemCFG.py,confirmed-client-config
28042,至尊火麒麟,pet-card,petcard,true,,object/itemCFG.py,confirmed-client-config
28043,Q红毛,pet-card,petcard,true,,object/itemCFG.py,confirmed-client-config
28044,pangxie,pet-card,petcard,true,,object/itemCFG.py,confirmed-client-config
28045,饲养快女,pet-card,petcard,true,,object/itemCFG.py,confirmed-client-config
28046,暗夜使者,pet-card,petcard,true,,object/itemCFG.py,confirmed-client-config
30001,透明的瓶子,material,材料,true,,config/DealProp2.xml|config/propdescrip.xml,confirmed-client-config
30002,煮药的罐子,material,材料,true,,config/DealProp2.xml|config/propdescrip.xml,confirmed-client-config
30003,大容量的瓶子,material,材料,true,,config/DealProp2.xml|config/propdescrip.xml,confirmed-client-config
30004,封印瓶,material,材料,true,,config/DealProp2.xml|config/propdescrip.xml,confirmed-client-config
30005,空瓶5,material,材料,true,,config/propdescrip.xml,confirmed-client-config
30006,潘多拉魔瓶,material,材料,true,,config/DealProp2.xml|config/propdescrip.xml,confirmed-client-config
30007,草药,material,材料,true,,config/DealProp2.xml|config/propdescrip.xml,confirmed-client-config
30008,珍贵的草药,material,材料,true,,config/DealProp2.xml|config/propdescrip.xml,confirmed-client-config
30009,奇怪的草药,material,材料,true,,config/DealProp2.xml|config/propdescrip.xml,confirmed-client-config
30010,毒草药,material,材料,true,,config/DealProp2.xml|config/propdescrip.xml,confirmed-client-config
30011,黑萎草叶子,material,材料,true,,config/DealProp2.xml|config/propdescrip.xml,confirmed-client-config
30012,药草6,material,材料,true,,config/propdescrip.xml,confirmed-client-config
30013,未成熟的蔬菜,material,材料,true,,config/DealProp2.xml|config/propdescrip.xml,confirmed-client-config
30014,成熟的蔬菜,material,材料,true,,config/DealProp2.xml|config/propdescrip.xml,confirmed-client-config
30015,巨大的蔬菜,material,材料,true,,config/DealProp2.xml|config/propdescrip.xml,confirmed-client-config
30016,美味的蔬菜,material,材料,true,,config/DealProp2.xml|config/propdescrip.xml,confirmed-client-config
30017,蔬菜5,material,材料,true,,config/propdescrip.xml,confirmed-client-config
30018,蔬菜6,material,材料,true,,config/propdescrip.xml,confirmed-client-config
30031,小珍珠,material,材料,true,,config/DealProp2.xml|config/propdescrip.xml,confirmed-client-config
30032,大珍珠,material,材料,true,,config/DealProp2.xml|config/propdescrip.xml,confirmed-client-config
30033,发光的珍珠,material,材料,true,,config/DealProp2.xml|config/propdescrip.xml,confirmed-client-config
30034,怪物的内核,material,材料,true,,config/DealProp2.xml|config/propdescrip.xml,confirmed-client-config
30035,夜光珠,material,材料,true,,config/DealProp2.xml|config/propdescrip.xml,confirmed-client-config
30036,珍珠6,material,材料,true,,config/propdescrip.xml,confirmed-client-config
30037,羽毛1,material,材料,true,,config/propdescrip.xml,confirmed-client-config
30038,掉落的羽毛,material,材料,true,,config/DealProp2.xml|config/propdescrip.xml,confirmed-client-config
30039,羽毛3,material,材料,true,,config/propdescrip.xml,confirmed-client-config
30040,好看的羽毛,material,材料,true,,config/DealProp2.xml|config/propdescrip.xml,confirmed-client-config
30041,凤凰的羽毛,material,材料,true,,config/DealProp2.xml|config/propdescrip.xml,confirmed-client-config
30042,羽毛6,material,材料,true,,config/propdescrip.xml,confirmed-client-config
30043,小碎屑,material,材料,true,,config/DealProp2.xml|config/propdescrip.xml,confirmed-client-config
30044,冰沫,material,材料,true,,config/DealProp2.xml|config/propdescrip.xml,confirmed-client-config
30045,散落的灰尘,material,材料,true,,config/DealProp2.xml|config/propdescrip.xml,confirmed-client-config
30046,矿石粉沫,material,材料,true,,config/DealProp2.xml|config/propdescrip.xml,confirmed-client-config
30047,火药粉沫,material,材料,true,,config/DealProp2.xml|config/propdescrip.xml,confirmed-client-config
30048,粉末6,material,材料,true,,config/propdescrip.xml,confirmed-client-config
30049,木材1,material,材料,true,,config/propdescrip.xml,confirmed-client-config
30050,湿木头,material,材料,true,,config/DealProp2.xml|config/propdescrip.xml,confirmed-client-config
30051,大树枝,material,材料,true,,config/DealProp2.xml|config/propdescrip.xml,confirmed-client-config
30052,坚硬的木头,material,材料,true,,config/DealProp2.xml|config/propdescrip.xml,confirmed-client-config
30053,木材5,material,材料,true,,config/propdescrip.xml,confirmed-client-config
30054,木材6,material,材料,true,,config/propdescrip.xml,confirmed-client-config
30055,金属1,material,材料,true,,config/propdescrip.xml,confirmed-client-config
30056,铁矿石,material,材料,true,,config/DealProp2.xml|config/propdescrip.xml,confirmed-client-config
30057,银矿石,material,材料,true,,config/DealProp2.xml|config/propdescrip.xml,confirmed-client-config
30058,金矿石,material,材料,true,,config/DealProp2.xml|config/propdescrip.xml,confirmed-client-config
30059,珍惜矿石,material,材料,true,,config/DealProp2.xml|config/propdescrip.xml,confirmed-client-config
30060,金属6,material,材料,true,,config/propdescrip.xml,confirmed-client-config
30061,果实1,material,材料,true,,config/propdescrip.xml,confirmed-client-config
30062,果实2,material,材料,true,,config/propdescrip.xml,confirmed-client-config
30063,果实3,material,材料,true,,config/propdescrip.xml,confirmed-client-config
30064,神奇果实,material,材料,true,,config/DealProp2.xml|config/propdescrip.xml,confirmed-client-config
30065,恶魔的果实,material,材料,true,,config/DealProp2.xml|config/propdescrip.xml,confirmed-client-config
30066,果实6,material,材料,true,,config/propdescrip.xml,confirmed-client-config
30067,魔法元素1,material,材料,true,,config/propdescrip.xml,confirmed-client-config
30068,魔法元素2,material,材料,true,,config/propdescrip.xml,confirmed-client-config
30069,魔法碎屑,material,材料,true,,config/DealProp2.xml|config/propdescrip.xml,confirmed-client-config
30070,魔法碎片,material,材料,true,,config/DealProp2.xml|config/propdescrip.xml,confirmed-client-config
30071,魔法元素,material,材料,true,,config/DealProp2.xml|config/propdescrip.xml,confirmed-client-config
30072,魔法元素6,material,材料,true,,config/propdescrip.xml,confirmed-client-config
30073,纸张1,material,材料,true,,config/propdescrip.xml,confirmed-client-config
30074,纸张2,material,材料,true,,config/propdescrip.xml,confirmed-client-config
30075,纸张3,material,材料,true,,config/propdescrip.xml,confirmed-client-config
30076,手纸,material,材料,true,,config/DealProp2.xml|config/propdescrip.xml,confirmed-client-config
30077,硬纸板,material,材料,true,,config/DealProp2.xml|config/propdescrip.xml,confirmed-client-config
30078,纸张6,material,材料,true,,config/propdescrip.xml,confirmed-client-config
30079,刀具1,material,材料,true,,config/propdescrip.xml,confirmed-client-config
30080,刀具2,material,材料,true,,config/propdescrip.xml,confirmed-client-config
30081,水果刀,material,材料,true,,config/DealProp2.xml|config/propdescrip.xml,confirmed-client-config
30082,锋利的小刀,material,材料,true,,config/DealProp2.xml|config/propdescrip.xml,confirmed-client-config
30083,狩猎刀,material,材料,true,,config/DealProp2.xml|config/propdescrip.xml,confirmed-client-config
30084,刀具6,material,材料,true,,config/propdescrip.xml,confirmed-client-config
30085,宝石1,material,材料,true,,config/propdescrip.xml,confirmed-client-config
30086,宝石2,material,材料,true,,config/propdescrip.xml,confirmed-client-config
30087,宝石3,material,材料,true,,config/propdescrip.xml,confirmed-client-config
30088,宝石4,material,材料,true,,config/propdescrip.xml,confirmed-client-config
30089,宝石5,material,材料,true,,config/propdescrip.xml,confirmed-client-config
30090,宝石6,material,材料,true,,config/propdescrip.xml,confirmed-client-config
30091,干净的雨水,material,材料,true,,config/DealProp2.xml|config/propdescrip.xml,confirmed-client-config
30092,纯净水,material,材料,true,,config/DealProp2.xml|config/propdescrip.xml,confirmed-client-config
30093,植物的汁液,material,材料,true,,config/DealProp2.xml|config/propdescrip.xml,confirmed-client-config
30094,融化的雪水,material,材料,true,,config/DealProp2.xml|config/propdescrip.xml,confirmed-client-config
30095,神秘水,material,材料,true,,config/DealProp2.xml|config/propdescrip.xml,confirmed-client-config
30096,水珠6,material,材料,true,,config/propdescrip.xml,confirmed-client-config
30097,爱丁蓝宝石,material,材料,true,,config/DealProp2.xml|config/propdescrip.xml,confirmed-client-config
